county,precinct,office,district,candidate,party,votes,unofficial
Tioga,Barton - 1,President,,Joseph R. Biden,DEM,249,NA
Tioga,Barton - 1,President,,Donald J. Trump,REP,326,NA
Tioga,Barton - 1,President,,Donald J. Trump,CON,20,NA
Tioga,Barton - 1,President,,Joseph R. Biden,WOR,5,NA
Tioga,Barton - 1,President,,Howie Hawkins,GRE,2,NA
Tioga,Barton - 1,President,,Jo Jorgensen,LBT,13,NA
Tioga,Barton - 1,President,,Brock Pierce,IND,2,NA
Tioga,Barton - 1,President,,WriteIn,,0,NA
Tioga,Barton - 1,President,,Voids,,0,NA
Tioga,Barton - 1,President,,Blanks,,1,NA
Tioga,Barton - 2,President,,Joseph R. Biden,DEM,300,NA
Tioga,Barton - 2,President,,Donald J. Trump,REP,349,NA
Tioga,Barton - 2,President,,Donald J. Trump,CON,25,NA
Tioga,Barton - 2,President,,Joseph R. Biden,WOR,10,NA
Tioga,Barton - 2,President,,Howie Hawkins,GRE,2,NA
Tioga,Barton - 2,President,,Jo Jorgensen,LBT,21,NA
Tioga,Barton - 2,President,,Brock Pierce,IND,3,NA
Tioga,Barton - 2,President,,WriteIn,,0,NA
Tioga,Barton - 2,President,,Voids,,3,NA
Tioga,Barton - 2,President,,Blanks,,4,NA
Tioga,Barton - 3,President,,Joseph R. Biden,DEM,118,NA
Tioga,Barton - 3,President,,Donald J. Trump,REP,164,NA
Tioga,Barton - 3,President,,Donald J. Trump,CON,9,NA
Tioga,Barton - 3,President,,Joseph R. Biden,WOR,4,NA
Tioga,Barton - 3,President,,Howie Hawkins,GRE,0,NA
Tioga,Barton - 3,President,,Jo Jorgensen,LBT,3,NA
Tioga,Barton - 3,President,,Brock Pierce,IND,2,NA
Tioga,Barton - 3,President,,WriteIn,,0,NA
Tioga,Barton - 3,President,,Voids,,2,NA
Tioga,Barton - 3,President,,Blanks,,2,NA
Tioga,Barton - 4,President,,Joseph R. Biden,DEM,190,NA
Tioga,Barton - 4,President,,Donald J. Trump,REP,468,NA
Tioga,Barton - 4,President,,Donald J. Trump,CON,24,NA
Tioga,Barton - 4,President,,Joseph R. Biden,WOR,7,NA
Tioga,Barton - 4,President,,Howie Hawkins,GRE,1,NA
Tioga,Barton - 4,President,,Jo Jorgensen,LBT,13,NA
Tioga,Barton - 4,President,,Brock Pierce,IND,3,NA
Tioga,Barton - 4,President,,WriteIn,,0,NA
Tioga,Barton - 4,President,,Voids,,3,NA
Tioga,Barton - 4,President,,Blanks,,2,NA
Tioga,Barton - 5,President,,Joseph R. Biden,DEM,109,NA
Tioga,Barton - 5,President,,Donald J. Trump,REP,394,NA
Tioga,Barton - 5,President,,Donald J. Trump,CON,17,NA
Tioga,Barton - 5,President,,Joseph R. Biden,WOR,2,NA
Tioga,Barton - 5,President,,Howie Hawkins,GRE,4,NA
Tioga,Barton - 5,President,,Jo Jorgensen,LBT,10,NA
Tioga,Barton - 5,President,,Brock Pierce,IND,1,NA
Tioga,Barton - 5,President,,WriteIn,,1,NA
Tioga,Barton - 5,President,,Voids,,1,NA
Tioga,Barton - 5,President,,Blanks,,2,NA
Tioga,Barton - 7,President,,Joseph R. Biden,DEM,220,NA
Tioga,Barton - 7,President,,Donald J. Trump,REP,433,NA
Tioga,Barton - 7,President,,Donald J. Trump,CON,24,NA
Tioga,Barton - 7,President,,Joseph R. Biden,WOR,5,NA
Tioga,Barton - 7,President,,Howie Hawkins,GRE,0,NA
Tioga,Barton - 7,President,,Jo Jorgensen,LBT,14,NA
Tioga,Barton - 7,President,,Brock Pierce,IND,1,NA
Tioga,Barton - 7,President,,WriteIn,,0,NA
Tioga,Barton - 7,President,,Voids,,1,NA
Tioga,Barton - 7,President,,Blanks,,1,NA
Tioga,Berkshire - 1,President,,Joseph R. Biden,DEM,178,NA
Tioga,Berkshire - 1,President,,Donald J. Trump,REP,450,NA
Tioga,Berkshire - 1,President,,Donald J. Trump,CON,43,NA
Tioga,Berkshire - 1,President,,Joseph R. Biden,WOR,19,NA
Tioga,Berkshire - 1,President,,Howie Hawkins,GRE,2,NA
Tioga,Berkshire - 1,President,,Jo Jorgensen,LBT,9,NA
Tioga,Berkshire - 1,President,,Brock Pierce,IND,5,NA
Tioga,Berkshire - 1,President,,WriteIn,,0,NA
Tioga,Berkshire - 1,President,,Voids,,3,NA
Tioga,Berkshire - 1,President,,Blanks,,3,NA
Tioga,Candor - 1,President,,Joseph R. Biden,DEM,239,NA
Tioga,Candor - 1,President,,Donald J. Trump,REP,363,NA
Tioga,Candor - 1,President,,Donald J. Trump,CON,18,NA
Tioga,Candor - 1,President,,Joseph R. Biden,WOR,24,NA
Tioga,Candor - 1,President,,Howie Hawkins,GRE,1,NA
Tioga,Candor - 1,President,,Jo Jorgensen,LBT,14,NA
Tioga,Candor - 1,President,,Brock Pierce,IND,4,NA
Tioga,Candor - 1,President,,WriteIn,,0,NA
Tioga,Candor - 1,President,,Voids,,2,NA
Tioga,Candor - 1,President,,Blanks,,0,NA
Tioga,Candor - 2,President,,Joseph R. Biden,DEM,102,NA
Tioga,Candor - 2,President,,Donald J. Trump,REP,285,NA
Tioga,Candor - 2,President,,Donald J. Trump,CON,27,NA
Tioga,Candor - 2,President,,Joseph R. Biden,WOR,7,NA
Tioga,Candor - 2,President,,Howie Hawkins,GRE,0,NA
Tioga,Candor - 2,President,,Jo Jorgensen,LBT,2,NA
Tioga,Candor - 2,President,,Brock Pierce,IND,2,NA
Tioga,Candor - 2,President,,WriteIn,,0,NA
Tioga,Candor - 2,President,,Voids,,0,NA
Tioga,Candor - 2,President,,Blanks,,2,NA
Tioga,Candor - 3,President,,Joseph R. Biden,DEM,195,NA
Tioga,Candor - 3,President,,Donald J. Trump,REP,413,NA
Tioga,Candor - 3,President,,Donald J. Trump,CON,23,NA
Tioga,Candor - 3,President,,Joseph R. Biden,WOR,13,NA
Tioga,Candor - 3,President,,Howie Hawkins,GRE,3,NA
Tioga,Candor - 3,President,,Jo Jorgensen,LBT,11,NA
Tioga,Candor - 3,President,,Brock Pierce,IND,1,NA
Tioga,Candor - 3,President,,WriteIn,,0,NA
Tioga,Candor - 3,President,,Voids,,1,NA
Tioga,Candor - 3,President,,Blanks,,0,NA
Tioga,Candor - 4,President,,Joseph R. Biden,DEM,317,NA
Tioga,Candor - 4,President,,Donald J. Trump,REP,450,NA
Tioga,Candor - 4,President,,Donald J. Trump,CON,35,NA
Tioga,Candor - 4,President,,Joseph R. Biden,WOR,26,NA
Tioga,Candor - 4,President,,Howie Hawkins,GRE,0,NA
Tioga,Candor - 4,President,,Jo Jorgensen,LBT,13,NA
Tioga,Candor - 4,President,,Brock Pierce,IND,2,NA
Tioga,Candor - 4,President,,WriteIn,,0,NA
Tioga,Candor - 4,President,,Voids,,4,NA
Tioga,Candor - 4,President,,Blanks,,2,NA
Tioga,Newark Valley - 1,President,,Joseph R. Biden,DEM,212,NA
Tioga,Newark Valley - 1,President,,Donald J. Trump,REP,459,NA
Tioga,Newark Valley - 1,President,,Donald J. Trump,CON,32,NA
Tioga,Newark Valley - 1,President,,Joseph R. Biden,WOR,10,NA
Tioga,Newark Valley - 1,President,,Howie Hawkins,GRE,6,NA
Tioga,Newark Valley - 1,President,,Jo Jorgensen,LBT,11,NA
Tioga,Newark Valley - 1,President,,Brock Pierce,IND,6,NA
Tioga,Newark Valley - 1,President,,WriteIn,,0,NA
Tioga,Newark Valley - 1,President,,Voids,,1,NA
Tioga,Newark Valley - 1,President,,Blanks,,2,NA
Tioga,Newark Valley - 2,President,,Joseph R. Biden,DEM,208,NA
Tioga,Newark Valley - 2,President,,Donald J. Trump,REP,300,NA
Tioga,Newark Valley - 2,President,,Donald J. Trump,CON,20,NA
Tioga,Newark Valley - 2,President,,Joseph R. Biden,WOR,9,NA
Tioga,Newark Valley - 2,President,,Howie Hawkins,GRE,0,NA
Tioga,Newark Valley - 2,President,,Jo Jorgensen,LBT,6,NA
Tioga,Newark Valley - 2,President,,Brock Pierce,IND,2,NA
Tioga,Newark Valley - 2,President,,WriteIn,,0,NA
Tioga,Newark Valley - 2,President,,Voids,,3,NA
Tioga,Newark Valley - 2,President,,Blanks,,0,NA
Tioga,Newark Valley - 3,President,,Joseph R. Biden,DEM,222,NA
Tioga,Newark Valley - 3,President,,Donald J. Trump,REP,372,NA
Tioga,Newark Valley - 3,President,,Donald J. Trump,CON,27,NA
Tioga,Newark Valley - 3,President,,Joseph R. Biden,WOR,9,NA
Tioga,Newark Valley - 3,President,,Howie Hawkins,GRE,0,NA
Tioga,Newark Valley - 3,President,,Jo Jorgensen,LBT,14,NA
Tioga,Newark Valley - 3,President,,Brock Pierce,IND,3,NA
Tioga,Newark Valley - 3,President,,WriteIn,,0,NA
Tioga,Newark Valley - 3,President,,Voids,,2,NA
Tioga,Newark Valley - 3,President,,Blanks,,1,NA
Tioga,Nichols - 1,President,,Joseph R. Biden,DEM,211,NA
Tioga,Nichols - 1,President,,Donald J. Trump,REP,329,NA
Tioga,Nichols - 1,President,,Donald J. Trump,CON,21,NA
Tioga,Nichols - 1,President,,Joseph R. Biden,WOR,8,NA
Tioga,Nichols - 1,President,,Howie Hawkins,GRE,2,NA
Tioga,Nichols - 1,President,,Jo Jorgensen,LBT,10,NA
Tioga,Nichols - 1,President,,Brock Pierce,IND,0,NA
Tioga,Nichols - 1,President,,WriteIn,,0,NA
Tioga,Nichols - 1,President,,Voids,,1,NA
Tioga,Nichols - 1,President,,Blanks,,0,NA
Tioga,Nichols - 2,President,,Joseph R. Biden,DEM,118,NA
Tioga,Nichols - 2,President,,Donald J. Trump,REP,297,NA
Tioga,Nichols - 2,President,,Donald J. Trump,CON,9,NA
Tioga,Nichols - 2,President,,Joseph R. Biden,WOR,5,NA
Tioga,Nichols - 2,President,,Howie Hawkins,GRE,2,NA
Tioga,Nichols - 2,President,,Jo Jorgensen,LBT,6,NA
Tioga,Nichols - 2,President,,Brock Pierce,IND,6,NA
Tioga,Nichols - 2,President,,WriteIn,,0,NA
Tioga,Nichols - 2,President,,Voids,,1,NA
Tioga,Nichols - 2,President,,Blanks,,0,NA
Tioga,Nichols - 3,President,,Joseph R. Biden,DEM,41,NA
Tioga,Nichols - 3,President,,Donald J. Trump,REP,115,NA
Tioga,Nichols - 3,President,,Donald J. Trump,CON,8,NA
Tioga,Nichols - 3,President,,Joseph R. Biden,WOR,4,NA
Tioga,Nichols - 3,President,,Howie Hawkins,GRE,0,NA
Tioga,Nichols - 3,President,,Jo Jorgensen,LBT,2,NA
Tioga,Nichols - 3,President,,Brock Pierce,IND,1,NA
Tioga,Nichols - 3,President,,WriteIn,,0,NA
Tioga,Nichols - 3,President,,Voids,,0,NA
Tioga,Nichols - 3,President,,Blanks,,2,NA
Tioga,Owego - 1,President,,Joseph R. Biden,DEM,395,NA
Tioga,Owego - 1,President,,Donald J. Trump,REP,349,NA
Tioga,Owego - 1,President,,Donald J. Trump,CON,26,NA
Tioga,Owego - 1,President,,Joseph R. Biden,WOR,18,NA
Tioga,Owego - 1,President,,Howie Hawkins,GRE,5,NA
Tioga,Owego - 1,President,,Jo Jorgensen,LBT,7,NA
Tioga,Owego - 1,President,,Brock Pierce,IND,1,NA
Tioga,Owego - 1,President,,WriteIn,,2,NA
Tioga,Owego - 1,President,,Voids,,2,NA
Tioga,Owego - 1,President,,Blanks,,1,NA
Tioga,Owego - 2,President,,Joseph R. Biden,DEM,272,NA
Tioga,Owego - 2,President,,Donald J. Trump,REP,366,NA
Tioga,Owego - 2,President,,Donald J. Trump,CON,21,NA
Tioga,Owego - 2,President,,Joseph R. Biden,WOR,10,NA
Tioga,Owego - 2,President,,Howie Hawkins,GRE,1,NA
Tioga,Owego - 2,President,,Jo Jorgensen,LBT,13,NA
Tioga,Owego - 2,President,,Brock Pierce,IND,2,NA
Tioga,Owego - 2,President,,WriteIn,,0,NA
Tioga,Owego - 2,President,,Voids,,5,NA
Tioga,Owego - 2,President,,Blanks,,1,NA
Tioga,Owego - 3,President,,Joseph R. Biden,DEM,170,NA
Tioga,Owego - 3,President,,Donald J. Trump,REP,270,NA
Tioga,Owego - 3,President,,Donald J. Trump,CON,29,NA
Tioga,Owego - 3,President,,Joseph R. Biden,WOR,5,NA
Tioga,Owego - 3,President,,Howie Hawkins,GRE,1,NA
Tioga,Owego - 3,President,,Jo Jorgensen,LBT,1,NA
Tioga,Owego - 3,President,,Brock Pierce,IND,2,NA
Tioga,Owego - 3,President,,WriteIn,,0,NA
Tioga,Owego - 3,President,,Voids,,1,NA
Tioga,Owego - 3,President,,Blanks,,1,NA
Tioga,Owego - 4,President,,Joseph R. Biden,DEM,323,NA
Tioga,Owego - 4,President,,Donald J. Trump,REP,388,NA
Tioga,Owego - 4,President,,Donald J. Trump,CON,34,NA
Tioga,Owego - 4,President,,Joseph R. Biden,WOR,15,NA
Tioga,Owego - 4,President,,Howie Hawkins,GRE,4,NA
Tioga,Owego - 4,President,,Jo Jorgensen,LBT,18,NA
Tioga,Owego - 4,President,,Brock Pierce,IND,1,NA
Tioga,Owego - 4,President,,WriteIn,,0,NA
Tioga,Owego - 4,President,,Voids,,4,NA
Tioga,Owego - 4,President,,Blanks,,0,NA
Tioga,Owego - 5,President,,Joseph R. Biden,DEM,118,NA
Tioga,Owego - 5,President,,Donald J. Trump,REP,105,NA
Tioga,Owego - 5,President,,Donald J. Trump,CON,5,NA
Tioga,Owego - 5,President,,Joseph R. Biden,WOR,5,NA
Tioga,Owego - 5,President,,Howie Hawkins,GRE,1,NA
Tioga,Owego - 5,President,,Jo Jorgensen,LBT,2,NA
Tioga,Owego - 5,President,,Brock Pierce,IND,1,NA
Tioga,Owego - 5,President,,WriteIn,,0,NA
Tioga,Owego - 5,President,,Voids,,0,NA
Tioga,Owego - 5,President,,Blanks,,2,NA
Tioga,Owego - 6,President,,Joseph R. Biden,DEM,312,NA
Tioga,Owego - 6,President,,Donald J. Trump,REP,355,NA
Tioga,Owego - 6,President,,Donald J. Trump,CON,19,NA
Tioga,Owego - 6,President,,Joseph R. Biden,WOR,22,NA
Tioga,Owego - 6,President,,Howie Hawkins,GRE,2,NA
Tioga,Owego - 6,President,,Jo Jorgensen,LBT,17,NA
Tioga,Owego - 6,President,,Brock Pierce,IND,2,NA
Tioga,Owego - 6,President,,WriteIn,,0,NA
Tioga,Owego - 6,President,,Voids,,2,NA
Tioga,Owego - 6,President,,Blanks,,3,NA
Tioga,Owego - 7,President,,Joseph R. Biden,DEM,334,NA
Tioga,Owego - 7,President,,Donald J. Trump,REP,286,NA
Tioga,Owego - 7,President,,Donald J. Trump,CON,22,NA
Tioga,Owego - 7,President,,Joseph R. Biden,WOR,30,NA
Tioga,Owego - 7,President,,Howie Hawkins,GRE,7,NA
Tioga,Owego - 7,President,,Jo Jorgensen,LBT,9,NA
Tioga,Owego - 7,President,,Brock Pierce,IND,1,NA
Tioga,Owego - 7,President,,WriteIn,,0,NA
Tioga,Owego - 7,President,,Voids,,4,NA
Tioga,Owego - 7,President,,Blanks,,1,NA
Tioga,Owego - 8,President,,Joseph R. Biden,DEM,154,NA
Tioga,Owego - 8,President,,Donald J. Trump,REP,128,NA
Tioga,Owego - 8,President,,Donald J. Trump,CON,8,NA
Tioga,Owego - 8,President,,Joseph R. Biden,WOR,5,NA
Tioga,Owego - 8,President,,Howie Hawkins,GRE,1,NA
Tioga,Owego - 8,President,,Jo Jorgensen,LBT,8,NA
Tioga,Owego - 8,President,,Brock Pierce,IND,1,NA
Tioga,Owego - 8,President,,WriteIn,,0,NA
Tioga,Owego - 8,President,,Voids,,0,NA
Tioga,Owego - 8,President,,Blanks,,1,NA
Tioga,Owego - 10,President,,Joseph R. Biden,DEM,243,NA
Tioga,Owego - 10,President,,Donald J. Trump,REP,388,NA
Tioga,Owego - 10,President,,Donald J. Trump,CON,26,NA
Tioga,Owego - 10,President,,Joseph R. Biden,WOR,10,NA
Tioga,Owego - 10,President,,Howie Hawkins,GRE,2,NA
Tioga,Owego - 10,President,,Jo Jorgensen,LBT,8,NA
Tioga,Owego - 10,President,,Brock Pierce,IND,2,NA
Tioga,Owego - 10,President,,WriteIn,,0,NA
Tioga,Owego - 10,President,,Voids,,1,NA
Tioga,Owego - 10,President,,Blanks,,2,NA
Tioga,Owego - 11,President,,Joseph R. Biden,DEM,141,NA
Tioga,Owego - 11,President,,Donald J. Trump,REP,301,NA
Tioga,Owego - 11,President,,Donald J. Trump,CON,28,NA
Tioga,Owego - 11,President,,Joseph R. Biden,WOR,10,NA
Tioga,Owego - 11,President,,Howie Hawkins,GRE,3,NA
Tioga,Owego - 11,President,,Jo Jorgensen,LBT,6,NA
Tioga,Owego - 11,President,,Brock Pierce,IND,4,NA
Tioga,Owego - 11,President,,WriteIn,,0,NA
Tioga,Owego - 11,President,,Voids,,1,NA
Tioga,Owego - 11,President,,Blanks,,0,NA
Tioga,Owego - 12,President,,Joseph R. Biden,DEM,160,NA
Tioga,Owego - 12,President,,Donald J. Trump,REP,194,NA
Tioga,Owego - 12,President,,Donald J. Trump,CON,14,NA
Tioga,Owego - 12,President,,Joseph R. Biden,WOR,9,NA
Tioga,Owego - 12,President,,Howie Hawkins,GRE,2,NA
Tioga,Owego - 12,President,,Jo Jorgensen,LBT,10,NA
Tioga,Owego - 12,President,,Brock Pierce,IND,0,NA
Tioga,Owego - 12,President,,WriteIn,,1,NA
Tioga,Owego - 12,President,,Voids,,2,NA
Tioga,Owego - 12,President,,Blanks,,1,NA
Tioga,Owego - 13,President,,Joseph R. Biden,DEM,195,NA
Tioga,Owego - 13,President,,Donald J. Trump,REP,274,NA
Tioga,Owego - 13,President,,Donald J. Trump,CON,30,NA
Tioga,Owego - 13,President,,Joseph R. Biden,WOR,12,NA
Tioga,Owego - 13,President,,Howie Hawkins,GRE,2,NA
Tioga,Owego - 13,President,,Jo Jorgensen,LBT,7,NA
Tioga,Owego - 13,President,,Brock Pierce,IND,0,NA
Tioga,Owego - 13,President,,WriteIn,,0,NA
Tioga,Owego - 13,President,,Voids,,0,NA
Tioga,Owego - 13,President,,Blanks,,1,NA
Tioga,Owego - 14,President,,Joseph R. Biden,DEM,247,NA
Tioga,Owego - 14,President,,Donald J. Trump,REP,295,NA
Tioga,Owego - 14,President,,Donald J. Trump,CON,18,NA
Tioga,Owego - 14,President,,Joseph R. Biden,WOR,12,NA
Tioga,Owego - 14,President,,Howie Hawkins,GRE,1,NA
Tioga,Owego - 14,President,,Jo Jorgensen,LBT,9,NA
Tioga,Owego - 14,President,,Brock Pierce,IND,3,NA
Tioga,Owego - 14,President,,WriteIn,,0,NA
Tioga,Owego - 14,President,,Voids,,1,NA
Tioga,Owego - 14,President,,Blanks,,1,NA
Tioga,Owego - 15,President,,Joseph R. Biden,DEM,408,NA
Tioga,Owego - 15,President,,Donald J. Trump,REP,431,NA
Tioga,Owego - 15,President,,Donald J. Trump,CON,29,NA
Tioga,Owego - 15,President,,Joseph R. Biden,WOR,23,NA
Tioga,Owego - 15,President,,Howie Hawkins,GRE,2,NA
Tioga,Owego - 15,President,,Jo Jorgensen,LBT,12,NA
Tioga,Owego - 15,President,,Brock Pierce,IND,8,NA
Tioga,Owego - 15,President,,WriteIn,,0,NA
Tioga,Owego - 15,President,,Voids,,1,NA
Tioga,Owego - 15,President,,Blanks,,2,NA
Tioga,Owego - 16,President,,Joseph R. Biden,DEM,160,NA
Tioga,Owego - 16,President,,Donald J. Trump,REP,326,NA
Tioga,Owego - 16,President,,Donald J. Trump,CON,25,NA
Tioga,Owego - 16,President,,Joseph R. Biden,WOR,5,NA
Tioga,Owego - 16,President,,Howie Hawkins,GRE,3,NA
Tioga,Owego - 16,President,,Jo Jorgensen,LBT,15,NA
Tioga,Owego - 16,President,,Brock Pierce,IND,1,NA
Tioga,Owego - 16,President,,WriteIn,,0,NA
Tioga,Owego - 16,President,,Voids,,1,NA
Tioga,Owego - 16,President,,Blanks,,2,NA
Tioga,Owego - 17,President,,Joseph R. Biden,DEM,453,NA
Tioga,Owego - 17,President,,Donald J. Trump,REP,404,NA
Tioga,Owego - 17,President,,Donald J. Trump,CON,34,NA
Tioga,Owego - 17,President,,Joseph R. Biden,WOR,22,NA
Tioga,Owego - 17,President,,Howie Hawkins,GRE,2,NA
Tioga,Owego - 17,President,,Jo Jorgensen,LBT,15,NA
Tioga,Owego - 17,President,,Brock Pierce,IND,5,NA
Tioga,Owego - 17,President,,WriteIn,,2,NA
Tioga,Owego - 17,President,,Voids,,7,NA
Tioga,Owego - 17,President,,Blanks,,4,NA
Tioga,Owego - 18,President,,Joseph R. Biden,DEM,209,NA
Tioga,Owego - 18,President,,Donald J. Trump,REP,195,NA
Tioga,Owego - 18,President,,Donald J. Trump,CON,12,NA
Tioga,Owego - 18,President,,Joseph R. Biden,WOR,12,NA
Tioga,Owego - 18,President,,Howie Hawkins,GRE,6,NA
Tioga,Owego - 18,President,,Jo Jorgensen,LBT,5,NA
Tioga,Owego - 18,President,,Brock Pierce,IND,2,NA
Tioga,Owego - 18,President,,WriteIn,,0,NA
Tioga,Owego - 18,President,,Voids,,2,NA
Tioga,Owego - 18,President,,Blanks,,1,NA
Tioga,Owego - 19,President,,Joseph R. Biden,DEM,239,NA
Tioga,Owego - 19,President,,Donald J. Trump,REP,347,NA
Tioga,Owego - 19,President,,Donald J. Trump,CON,23,NA
Tioga,Owego - 19,President,,Joseph R. Biden,WOR,13,NA
Tioga,Owego - 19,President,,Howie Hawkins,GRE,2,NA
Tioga,Owego - 19,President,,Jo Jorgensen,LBT,14,NA
Tioga,Owego - 19,President,,Brock Pierce,IND,5,NA
Tioga,Owego - 19,President,,WriteIn,,0,NA
Tioga,Owego - 19,President,,Voids,,2,NA
Tioga,Owego - 19,President,,Blanks,,1,NA
Tioga,Richford - 1,President,,Joseph R. Biden,DEM,180,NA
Tioga,Richford - 1,President,,Donald J. Trump,REP,312,NA
Tioga,Richford - 1,President,,Donald J. Trump,CON,21,NA
Tioga,Richford - 1,President,,Joseph R. Biden,WOR,13,NA
Tioga,Richford - 1,President,,Howie Hawkins,GRE,1,NA
Tioga,Richford - 1,President,,Jo Jorgensen,LBT,9,NA
Tioga,Richford - 1,President,,Brock Pierce,IND,0,NA
Tioga,Richford - 1,President,,WriteIn,,0,NA
Tioga,Richford - 1,President,,Voids,,1,NA
Tioga,Richford - 1,President,,Blanks,,3,NA
Tioga,Spencer - 1,President,,Joseph R. Biden,DEM,325,NA
Tioga,Spencer - 1,President,,Donald J. Trump,REP,445,NA
Tioga,Spencer - 1,President,,Donald J. Trump,CON,28,NA
Tioga,Spencer - 1,President,,Joseph R. Biden,WOR,33,NA
Tioga,Spencer - 1,President,,Howie Hawkins,GRE,8,NA
Tioga,Spencer - 1,President,,Jo Jorgensen,LBT,18,NA
Tioga,Spencer - 1,President,,Brock Pierce,IND,3,NA
Tioga,Spencer - 1,President,,WriteIn,,0,NA
Tioga,Spencer - 1,President,,Voids,,1,NA
Tioga,Spencer - 1,President,,Blanks,,1,NA
Tioga,Spencer - 2,President,,Joseph R. Biden,DEM,224,NA
Tioga,Spencer - 2,President,,Donald J. Trump,REP,378,NA
Tioga,Spencer - 2,President,,Donald J. Trump,CON,26,NA
Tioga,Spencer - 2,President,,Joseph R. Biden,WOR,16,NA
Tioga,Spencer - 2,President,,Howie Hawkins,GRE,2,NA
Tioga,Spencer - 2,President,,Jo Jorgensen,LBT,11,NA
Tioga,Spencer - 2,President,,Brock Pierce,IND,3,NA
Tioga,Spencer - 2,President,,WriteIn,,0,NA
Tioga,Spencer - 2,President,,Voids,,2,NA
Tioga,Spencer - 2,President,,Blanks,,4,NA
Tioga,Tioga - 1,President,,Joseph R. Biden,DEM,223,NA
Tioga,Tioga - 1,President,,Donald J. Trump,REP,348,NA
Tioga,Tioga - 1,President,,Donald J. Trump,CON,19,NA
Tioga,Tioga - 1,President,,Joseph R. Biden,WOR,8,NA
Tioga,Tioga - 1,President,,Howie Hawkins,GRE,5,NA
Tioga,Tioga - 1,President,,Jo Jorgensen,LBT,10,NA
Tioga,Tioga - 1,President,,Brock Pierce,IND,2,NA
Tioga,Tioga - 1,President,,WriteIn,,0,NA
Tioga,Tioga - 1,President,,Voids,,1,NA
Tioga,Tioga - 1,President,,Blanks,,3,NA
Tioga,Tioga - 2,President,,Joseph R. Biden,DEM,254,NA
Tioga,Tioga - 2,President,,Donald J. Trump,REP,610,NA
Tioga,Tioga - 2,President,,Donald J. Trump,CON,27,NA
Tioga,Tioga - 2,President,,Joseph R. Biden,WOR,13,NA
Tioga,Tioga - 2,President,,Howie Hawkins,GRE,3,NA
Tioga,Tioga - 2,President,,Jo Jorgensen,LBT,13,NA
Tioga,Tioga - 2,President,,Brock Pierce,IND,1,NA
Tioga,Tioga - 2,President,,WriteIn,,0,NA
Tioga,Tioga - 2,President,,Voids,,1,NA
Tioga,Tioga - 2,President,,Blanks,,0,NA
Tioga,Tioga - 4,President,,Joseph R. Biden,DEM,163,NA
Tioga,Tioga - 4,President,,Donald J. Trump,REP,408,NA
Tioga,Tioga - 4,President,,Donald J. Trump,CON,15,NA
Tioga,Tioga - 4,President,,Joseph R. Biden,WOR,15,NA
Tioga,Tioga - 4,President,,Howie Hawkins,GRE,1,NA
Tioga,Tioga - 4,President,,Jo Jorgensen,LBT,7,NA
Tioga,Tioga - 4,President,,Brock Pierce,IND,3,NA
Tioga,Tioga - 4,President,,WriteIn,,0,NA
Tioga,Tioga - 4,President,,Voids,,4,NA
Tioga,Tioga - 4,President,,Blanks,,0,NA
Tioga,Nichols - 1,U.S. House,23,Anthony J. Brindisi,DEM,213,X
Tioga,Nichols - 1,U.S. House,23,Claudia Tenney,REP,269,X
Tioga,Nichols - 1,U.S. House,23,Claudia Tenney,CON,16,X
Tioga,Nichols - 1,U.S. House,23,Anthony J. Brindisi,WOR,21,X
Tioga,Nichols - 1,U.S. House,23,Keith D. Price Jr.,LBT,23,X
Tioga,Nichols - 1,U.S. House,23,Anthony J. Brindisi,IND,16,X
Tioga,Nichols - 1,U.S. House,23,WriteIn,,0,X
Tioga,Nichols - 1,U.S. House,23,Voids,,1,X
Tioga,Nichols - 1,U.S. House,23,Blanks,,23,X
Tioga,Nichols - 2,U.S. House,23,Anthony J. Brindisi,DEM,128,X
Tioga,Nichols - 2,U.S. House,23,Claudia Tenney,REP,250,X
Tioga,Nichols - 2,U.S. House,23,Claudia Tenney,CON,13,X
Tioga,Nichols - 2,U.S. House,23,Anthony J. Brindisi,WOR,8,X
Tioga,Nichols - 2,U.S. House,23,Keith D. Price Jr.,LBT,24,X
Tioga,Nichols - 2,U.S. House,23,Anthony J. Brindisi,IND,6,X
Tioga,Nichols - 2,U.S. House,23,WriteIn,,0,X
Tioga,Nichols - 2,U.S. House,23,Voids,,1,X
Tioga,Nichols - 2,U.S. House,23,Blanks,,14,X
Tioga,Owego - 11,U.S. House,23,Anthony J. Brindisi,DEM,138,X
Tioga,Owego - 11,U.S. House,23,Claudia Tenney,REP,278,X
Tioga,Owego - 11,U.S. House,23,Claudia Tenney,CON,22,X
Tioga,Owego - 11,U.S. House,23,Anthony J. Brindisi,WOR,12,X
Tioga,Owego - 11,U.S. House,23,Keith D. Price Jr.,LBT,21,X
Tioga,Owego - 11,U.S. House,23,Anthony J. Brindisi,IND,14,X
Tioga,Owego - 11,U.S. House,23,WriteIn,,0,X
Tioga,Owego - 11,U.S. House,23,Voids,,0,X
Tioga,Owego - 11,U.S. House,23,Blanks,,9,X
Tioga,Owego - 12,U.S. House,23,Anthony J. Brindisi,DEM,174,X
Tioga,Owego - 12,U.S. House,23,Claudia Tenney,REP,170,X
Tioga,Owego - 12,U.S. House,23,Claudia Tenney,CON,16,X
Tioga,Owego - 12,U.S. House,23,Anthony J. Brindisi,WOR,12,X
Tioga,Owego - 12,U.S. House,23,Keith D. Price Jr.,LBT,8,X
Tioga,Owego - 12,U.S. House,23,Anthony J. Brindisi,IND,4,X
Tioga,Owego - 12,U.S. House,23,WriteIn,,0,X
Tioga,Owego - 12,U.S. House,23,Voids,,0,X
Tioga,Owego - 12,U.S. House,23,Blanks,,9,X
Tioga,Owego - 13,U.S. House,23,Anthony J. Brindisi,DEM,191,X
Tioga,Owego - 13,U.S. House,23,Claudia Tenney,REP,256,X
Tioga,Owego - 13,U.S. House,23,Claudia Tenney,CON,19,X
Tioga,Owego - 13,U.S. House,23,Anthony J. Brindisi,WOR,12,X
Tioga,Owego - 13,U.S. House,23,Keith D. Price Jr.,LBT,17,X
Tioga,Owego - 13,U.S. House,23,Anthony J. Brindisi,IND,18,X
Tioga,Owego - 13,U.S. House,23,WriteIn,,0,X
Tioga,Owego - 13,U.S. House,23,Voids,,0,X
Tioga,Owego - 13,U.S. House,23,Blanks,,6,X
Tioga,Owego - 14,U.S. House,23,Anthony J. Brindisi,DEM,248,X
Tioga,Owego - 14,U.S. House,23,Claudia Tenney,REP,260,X
Tioga,Owego - 14,U.S. House,23,Claudia Tenney,CON,21,X
Tioga,Owego - 14,U.S. House,23,Anthony J. Brindisi,WOR,18,X
Tioga,Owego - 14,U.S. House,23,Keith D. Price Jr.,LBT,19,X
Tioga,Owego - 14,U.S. House,23,Anthony J. Brindisi,IND,12,X
Tioga,Owego - 14,U.S. House,23,WriteIn,,0,X
Tioga,Owego - 14,U.S. House,23,Voids,,0,X
Tioga,Owego - 14,U.S. House,23,Blanks,,9,X
Tioga,Owego - 15,U.S. House,23,Anthony J. Brindisi,DEM,418,X
Tioga,Owego - 15,U.S. House,23,Claudia Tenney,REP,400,X
Tioga,Owego - 15,U.S. House,23,Claudia Tenney,CON,25,X
Tioga,Owego - 15,U.S. House,23,Anthony J. Brindisi,WOR,18,X
Tioga,Owego - 15,U.S. House,23,Keith D. Price Jr.,LBT,19,X
Tioga,Owego - 15,U.S. House,23,Anthony J. Brindisi,IND,16,X
Tioga,Owego - 15,U.S. House,23,WriteIn,,1,X
Tioga,Owego - 15,U.S. House,23,Voids,,0,X
Tioga,Owego - 15,U.S. House,23,Blanks,,19,X
Tioga,Owego - 16,U.S. House,23,Anthony J. Brindisi,DEM,154,X
Tioga,Owego - 16,U.S. House,23,Claudia Tenney,REP,304,X
Tioga,Owego - 16,U.S. House,23,Claudia Tenney,CON,24,X
Tioga,Owego - 16,U.S. House,23,Anthony J. Brindisi,WOR,19,X
Tioga,Owego - 16,U.S. House,23,Keith D. Price Jr.,LBT,20,X
Tioga,Owego - 16,U.S. House,23,Anthony J. Brindisi,IND,10,X
Tioga,Owego - 16,U.S. House,23,WriteIn,,0,X
Tioga,Owego - 16,U.S. House,23,Voids,,0,X
Tioga,Owego - 16,U.S. House,23,Blanks,,7,X
Tioga,Owego - 17,U.S. House,23,Anthony J. Brindisi,DEM,467,X
Tioga,Owego - 17,U.S. House,23,Claudia Tenney,REP,369,X
Tioga,Owego - 17,U.S. House,23,Claudia Tenney,CON,34,X
Tioga,Owego - 17,U.S. House,23,Anthony J. Brindisi,WOR,27,X
Tioga,Owego - 17,U.S. House,23,Keith D. Price Jr.,LBT,16,X
Tioga,Owego - 17,U.S. House,23,Anthony J. Brindisi,IND,18,X
Tioga,Owego - 17,U.S. House,23,WriteIn,,1,X
Tioga,Owego - 17,U.S. House,23,Voids,,0,X
Tioga,Owego - 17,U.S. House,23,Blanks,,16,X
Tioga,Owego - 19,U.S. House,23,Anthony J. Brindisi,DEM,256,X
Tioga,Owego - 19,U.S. House,23,Claudia Tenney,REP,292,X
Tioga,Owego - 19,U.S. House,23,Claudia Tenney,CON,18,X
Tioga,Owego - 19,U.S. House,23,Anthony J. Brindisi,WOR,20,X
Tioga,Owego - 19,U.S. House,23,Keith D. Price Jr.,LBT,27,X
Tioga,Owego - 19,U.S. House,23,Anthony J. Brindisi,IND,21,X
Tioga,Owego - 19,U.S. House,23,WriteIn,,0,X
Tioga,Owego - 19,U.S. House,23,Voids,,2,X
Tioga,Owego - 19,U.S. House,23,Blanks,,10,X
Tioga,Barton - 1,U.S. House,23,Tracy Mitrano,DEM,222,NA
Tioga,Barton - 1,U.S. House,23,Tom Reed,REP,333,NA
Tioga,Barton - 1,U.S. House,23,Tom Reed,CON,21,NA
Tioga,Barton - 1,U.S. House,23,Tracy Mitrano,WOR,11,NA
Tioga,Barton - 1,U.S. House,23,Andrew M. Kolstee,LBT,6,NA
Tioga,Barton - 1,U.S. House,23,Tom Reed,IND,7,NA
Tioga,Barton - 1,U.S. House,23,WriteIn,,0,NA
Tioga,Barton - 1,U.S. House,23,Voids,,0,NA
Tioga,Barton - 1,U.S. House,23,Blanks,,18,NA
Tioga,Barton - 2,U.S. House,23,Tracy Mitrano,DEM,266,NA
Tioga,Barton - 2,U.S. House,23,Tom Reed,REP,358,NA
Tioga,Barton - 2,U.S. House,23,Tom Reed,CON,26,NA
Tioga,Barton - 2,U.S. House,23,Tracy Mitrano,WOR,17,NA
Tioga,Barton - 2,U.S. House,23,Andrew M. Kolstee,LBT,17,NA
Tioga,Barton - 2,U.S. House,23,Tom Reed,IND,12,NA
Tioga,Barton - 2,U.S. House,23,WriteIn,,0,NA
Tioga,Barton - 2,U.S. House,23,Voids,,1,NA
Tioga,Barton - 2,U.S. House,23,Blanks,,20,NA
Tioga,Barton - 3,U.S. House,23,Tracy Mitrano,DEM,98,NA
Tioga,Barton - 3,U.S. House,23,Tom Reed,REP,161,NA
Tioga,Barton - 3,U.S. House,23,Tom Reed,CON,14,NA
Tioga,Barton - 3,U.S. House,23,Tracy Mitrano,WOR,6,NA
Tioga,Barton - 3,U.S. House,23,Andrew M. Kolstee,LBT,4,NA
Tioga,Barton - 3,U.S. House,23,Tom Reed,IND,3,NA
Tioga,Barton - 3,U.S. House,23,WriteIn,,0,NA
Tioga,Barton - 3,U.S. House,23,Voids,,1,NA
Tioga,Barton - 3,U.S. House,23,Blanks,,17,NA
Tioga,Barton - 4,U.S. House,23,Tracy Mitrano,DEM,170,NA
Tioga,Barton - 4,U.S. House,23,Tom Reed,REP,443,NA
Tioga,Barton - 4,U.S. House,23,Tom Reed,CON,29,NA
Tioga,Barton - 4,U.S. House,23,Tracy Mitrano,WOR,26,NA
Tioga,Barton - 4,U.S. House,23,Andrew M. Kolstee,LBT,7,NA
Tioga,Barton - 4,U.S. House,23,Tom Reed,IND,10,NA
Tioga,Barton - 4,U.S. House,23,WriteIn,,0,NA
Tioga,Barton - 4,U.S. House,23,Voids,,0,NA
Tioga,Barton - 4,U.S. House,23,Blanks,,26,NA
Tioga,Barton - 5,U.S. House,23,Tracy Mitrano,DEM,102,NA
Tioga,Barton - 5,U.S. House,23,Tom Reed,REP,375,NA
Tioga,Barton - 5,U.S. House,23,Tom Reed,CON,17,NA
Tioga,Barton - 5,U.S. House,23,Tracy Mitrano,WOR,16,NA
Tioga,Barton - 5,U.S. House,23,Andrew M. Kolstee,LBT,9,NA
Tioga,Barton - 5,U.S. House,23,Tom Reed,IND,9,NA
Tioga,Barton - 5,U.S. House,23,WriteIn,,0,NA
Tioga,Barton - 5,U.S. House,23,Voids,,0,NA
Tioga,Barton - 5,U.S. House,23,Blanks,,13,NA
Tioga,Barton - 7,U.S. House,23,Tracy Mitrano,DEM,178,NA
Tioga,Barton - 7,U.S. House,23,Tom Reed,REP,437,NA
Tioga,Barton - 7,U.S. House,23,Tom Reed,CON,19,NA
Tioga,Barton - 7,U.S. House,23,Tracy Mitrano,WOR,11,NA
Tioga,Barton - 7,U.S. House,23,Andrew M. Kolstee,LBT,11,NA
Tioga,Barton - 7,U.S. House,23,Tom Reed,IND,12,NA
Tioga,Barton - 7,U.S. House,23,WriteIn,,0,NA
Tioga,Barton - 7,U.S. House,23,Voids,,0,NA
Tioga,Barton - 7,U.S. House,23,Blanks,,31,NA
Tioga,Berkshire - 1,U.S. House,23,Tracy Mitrano,DEM,150,NA
Tioga,Berkshire - 1,U.S. House,23,Tom Reed,REP,451,NA
Tioga,Berkshire - 1,U.S. House,23,Tom Reed,CON,41,NA
Tioga,Berkshire - 1,U.S. House,23,Tracy Mitrano,WOR,26,NA
Tioga,Berkshire - 1,U.S. House,23,Andrew M. Kolstee,LBT,5,NA
Tioga,Berkshire - 1,U.S. House,23,Tom Reed,IND,9,NA
Tioga,Berkshire - 1,U.S. House,23,WriteIn,,0,NA
Tioga,Berkshire - 1,U.S. House,23,Voids,,1,NA
Tioga,Berkshire - 1,U.S. House,23,Blanks,,29,NA
Tioga,Candor - 1,U.S. House,23,Tracy Mitrano,DEM,219,NA
Tioga,Candor - 1,U.S. House,23,Tom Reed,REP,336,NA
Tioga,Candor - 1,U.S. House,23,Tom Reed,CON,23,NA
Tioga,Candor - 1,U.S. House,23,Tracy Mitrano,WOR,37,NA
Tioga,Candor - 1,U.S. House,23,Andrew M. Kolstee,LBT,7,NA
Tioga,Candor - 1,U.S. House,23,Tom Reed,IND,10,NA
Tioga,Candor - 1,U.S. House,23,WriteIn,,0,NA
Tioga,Candor - 1,U.S. House,23,Voids,,1,NA
Tioga,Candor - 1,U.S. House,23,Blanks,,32,NA
Tioga,Candor - 2,U.S. House,23,Tracy Mitrano,DEM,82,NA
Tioga,Candor - 2,U.S. House,23,Tom Reed,REP,282,NA
Tioga,Candor - 2,U.S. House,23,Tom Reed,CON,25,NA
Tioga,Candor - 2,U.S. House,23,Tracy Mitrano,WOR,9,NA
Tioga,Candor - 2,U.S. House,23,Andrew M. Kolstee,LBT,4,NA
Tioga,Candor - 2,U.S. House,23,Tom Reed,IND,7,NA
Tioga,Candor - 2,U.S. House,23,WriteIn,,0,NA
Tioga,Candor - 2,U.S. House,23,Voids,,0,NA
Tioga,Candor - 2,U.S. House,23,Blanks,,18,NA
Tioga,Candor - 3,U.S. House,23,Tracy Mitrano,DEM,173,NA
Tioga,Candor - 3,U.S. House,23,Tom Reed,REP,386,NA
Tioga,Candor - 3,U.S. House,23,Tom Reed,CON,24,NA
Tioga,Candor - 3,U.S. House,23,Tracy Mitrano,WOR,22,NA
Tioga,Candor - 3,U.S. House,23,Andrew M. Kolstee,LBT,15,NA
Tioga,Candor - 3,U.S. House,23,Tom Reed,IND,6,NA
Tioga,Candor - 3,U.S. House,23,WriteIn,,0,NA
Tioga,Candor - 3,U.S. House,23,Voids,,1,NA
Tioga,Candor - 3,U.S. House,23,Blanks,,33,NA
Tioga,Candor - 4,U.S. House,23,Tracy Mitrano,DEM,272,NA
Tioga,Candor - 4,U.S. House,23,Tom Reed,REP,450,NA
Tioga,Candor - 4,U.S. House,23,Tom Reed,CON,32,NA
Tioga,Candor - 4,U.S. House,23,Tracy Mitrano,WOR,33,NA
Tioga,Candor - 4,U.S. House,23,Andrew M. Kolstee,LBT,16,NA
Tioga,Candor - 4,U.S. House,23,Tom Reed,IND,11,NA
Tioga,Candor - 4,U.S. House,23,WriteIn,,0,NA
Tioga,Candor - 4,U.S. House,23,Voids,,1,NA
Tioga,Candor - 4,U.S. House,23,Blanks,,34,NA
Tioga,Newark Valley - 1,U.S. House,23,Tracy Mitrano,DEM,190,NA
Tioga,Newark Valley - 1,U.S. House,23,Tom Reed,REP,446,NA
Tioga,Newark Valley - 1,U.S. House,23,Tom Reed,CON,34,NA
Tioga,Newark Valley - 1,U.S. House,23,Tracy Mitrano,WOR,13,NA
Tioga,Newark Valley - 1,U.S. House,23,Andrew M. Kolstee,LBT,11,NA
Tioga,Newark Valley - 1,U.S. House,23,Tom Reed,IND,13,NA
Tioga,Newark Valley - 1,U.S. House,23,WriteIn,,1,NA
Tioga,Newark Valley - 1,U.S. House,23,Voids,,0,NA
Tioga,Newark Valley - 1,U.S. House,23,Blanks,,31,NA
Tioga,Newark Valley - 2,U.S. House,23,Tracy Mitrano,DEM,183,NA
Tioga,Newark Valley - 2,U.S. House,23,Tom Reed,REP,289,NA
Tioga,Newark Valley - 2,U.S. House,23,Tom Reed,CON,14,NA
Tioga,Newark Valley - 2,U.S. House,23,Tracy Mitrano,WOR,11,NA
Tioga,Newark Valley - 2,U.S. House,23,Andrew M. Kolstee,LBT,11,NA
Tioga,Newark Valley - 2,U.S. House,23,Tom Reed,IND,11,NA
Tioga,Newark Valley - 2,U.S. House,23,WriteIn,,2,NA
Tioga,Newark Valley - 2,U.S. House,23,Voids,,1,NA
Tioga,Newark Valley - 2,U.S. House,23,Blanks,,26,NA
Tioga,Newark Valley - 3,U.S. House,23,Tracy Mitrano,DEM,192,NA
Tioga,Newark Valley - 3,U.S. House,23,Tom Reed,REP,363,NA
Tioga,Newark Valley - 3,U.S. House,23,Tom Reed,CON,28,NA
Tioga,Newark Valley - 3,U.S. House,23,Tracy Mitrano,WOR,14,NA
Tioga,Newark Valley - 3,U.S. House,23,Andrew M. Kolstee,LBT,12,NA
Tioga,Newark Valley - 3,U.S. House,23,Tom Reed,IND,16,NA
Tioga,Newark Valley - 3,U.S. House,23,WriteIn,,0,NA
Tioga,Newark Valley - 3,U.S. House,23,Voids,,0,NA
Tioga,Newark Valley - 3,U.S. House,23,Blanks,,25,NA
Tioga,Nichols - 3,U.S. House,23,Tracy Mitrano,DEM,36,NA
Tioga,Nichols - 3,U.S. House,23,Tom Reed,REP,122,NA
Tioga,Nichols - 3,U.S. House,23,Tom Reed,CON,6,NA
Tioga,Nichols - 3,U.S. House,23,Tracy Mitrano,WOR,5,NA
Tioga,Nichols - 3,U.S. House,23,Andrew M. Kolstee,LBT,2,NA
Tioga,Nichols - 3,U.S. House,23,Tom Reed,IND,0,NA
Tioga,Nichols - 3,U.S. House,23,WriteIn,,0,NA
Tioga,Nichols - 3,U.S. House,23,Voids,,0,NA
Tioga,Nichols - 3,U.S. House,23,Blanks,,2,NA
Tioga,Owego - 1,U.S. House,23,Tracy Mitrano,DEM,347,NA
Tioga,Owego - 1,U.S. House,23,Tom Reed,REP,361,NA
Tioga,Owego - 1,U.S. House,23,Tom Reed,CON,21,NA
Tioga,Owego - 1,U.S. House,23,Tracy Mitrano,WOR,27,NA
Tioga,Owego - 1,U.S. House,23,Andrew M. Kolstee,LBT,8,NA
Tioga,Owego - 1,U.S. House,23,Tom Reed,IND,9,NA
Tioga,Owego - 1,U.S. House,23,WriteIn,,1,NA
Tioga,Owego - 1,U.S. House,23,Voids,,0,NA
Tioga,Owego - 1,U.S. House,23,Blanks,,32,NA
Tioga,Owego - 2,U.S. House,23,Tracy Mitrano,DEM,235,NA
Tioga,Owego - 2,U.S. House,23,Tom Reed,REP,373,NA
Tioga,Owego - 2,U.S. House,23,Tom Reed,CON,25,NA
Tioga,Owego - 2,U.S. House,23,Tracy Mitrano,WOR,16,NA
Tioga,Owego - 2,U.S. House,23,Andrew M. Kolstee,LBT,10,NA
Tioga,Owego - 2,U.S. House,23,Tom Reed,IND,13,NA
Tioga,Owego - 2,U.S. House,23,WriteIn,,2,NA
Tioga,Owego - 2,U.S. House,23,Voids,,0,NA
Tioga,Owego - 2,U.S. House,23,Blanks,,16,NA
Tioga,Owego - 3,U.S. House,23,Tracy Mitrano,DEM,151,NA
Tioga,Owego - 3,U.S. House,23,Tom Reed,REP,274,NA
Tioga,Owego - 3,U.S. House,23,Tom Reed,CON,28,NA
Tioga,Owego - 3,U.S. House,23,Tracy Mitrano,WOR,10,NA
Tioga,Owego - 3,U.S. House,23,Andrew M. Kolstee,LBT,4,NA
Tioga,Owego - 3,U.S. House,23,Tom Reed,IND,3,NA
Tioga,Owego - 3,U.S. House,23,WriteIn,,0,NA
Tioga,Owego - 3,U.S. House,23,Voids,,1,NA
Tioga,Owego - 3,U.S. House,23,Blanks,,9,NA
Tioga,Owego - 4,U.S. House,23,Tracy Mitrano,DEM,281,NA
Tioga,Owego - 4,U.S. House,23,Tom Reed,REP,397,NA
Tioga,Owego - 4,U.S. House,23,Tom Reed,CON,43,NA
Tioga,Owego - 4,U.S. House,23,Tracy Mitrano,WOR,22,NA
Tioga,Owego - 4,U.S. House,23,Andrew M. Kolstee,LBT,14,NA
Tioga,Owego - 4,U.S. House,23,Tom Reed,IND,7,NA
Tioga,Owego - 4,U.S. House,23,WriteIn,,0,NA
Tioga,Owego - 4,U.S. House,23,Voids,,3,NA
Tioga,Owego - 4,U.S. House,23,Blanks,,20,NA
Tioga,Owego - 5,U.S. House,23,Tracy Mitrano,DEM,97,NA
Tioga,Owego - 5,U.S. House,23,Tom Reed,REP,112,NA
Tioga,Owego - 5,U.S. House,23,Tom Reed,CON,7,NA
Tioga,Owego - 5,U.S. House,23,Tracy Mitrano,WOR,7,NA
Tioga,Owego - 5,U.S. House,23,Andrew M. Kolstee,LBT,1,NA
Tioga,Owego - 5,U.S. House,23,Tom Reed,IND,4,NA
Tioga,Owego - 5,U.S. House,23,WriteIn,,0,NA
Tioga,Owego - 5,U.S. House,23,Voids,,0,NA
Tioga,Owego - 5,U.S. House,23,Blanks,,11,NA
Tioga,Owego - 6,U.S. House,23,Tracy Mitrano,DEM,272,NA
Tioga,Owego - 6,U.S. House,23,Tom Reed,REP,353,NA
Tioga,Owego - 6,U.S. House,23,Tom Reed,CON,20,NA
Tioga,Owego - 6,U.S. House,23,Tracy Mitrano,WOR,25,NA
Tioga,Owego - 6,U.S. House,23,Andrew M. Kolstee,LBT,19,NA
Tioga,Owego - 6,U.S. House,23,Tom Reed,IND,18,NA
Tioga,Owego - 6,U.S. House,23,WriteIn,,0,NA
Tioga,Owego - 6,U.S. House,23,Voids,,1,NA
Tioga,Owego - 6,U.S. House,23,Blanks,,26,NA
Tioga,Owego - 7,U.S. House,23,Tracy Mitrano,DEM,302,NA
Tioga,Owego - 7,U.S. House,23,Tom Reed,REP,274,NA
Tioga,Owego - 7,U.S. House,23,Tom Reed,CON,21,NA
Tioga,Owego - 7,U.S. House,23,Tracy Mitrano,WOR,27,NA
Tioga,Owego - 7,U.S. House,23,Andrew M. Kolstee,LBT,21,NA
Tioga,Owego - 7,U.S. House,23,Tom Reed,IND,14,NA
Tioga,Owego - 7,U.S. House,23,WriteIn,,0,NA
Tioga,Owego - 7,U.S. House,23,Voids,,0,NA
Tioga,Owego - 7,U.S. House,23,Blanks,,35,NA
Tioga,Owego - 8,U.S. House,23,Tracy Mitrano,DEM,122,NA
Tioga,Owego - 8,U.S. House,23,Tom Reed,REP,142,NA
Tioga,Owego - 8,U.S. House,23,Tom Reed,CON,10,NA
Tioga,Owego - 8,U.S. House,23,Tracy Mitrano,WOR,10,NA
Tioga,Owego - 8,U.S. House,23,Andrew M. Kolstee,LBT,6,NA
Tioga,Owego - 8,U.S. House,23,Tom Reed,IND,1,NA
Tioga,Owego - 8,U.S. House,23,WriteIn,,0,NA
Tioga,Owego - 8,U.S. House,23,Voids,,0,NA
Tioga,Owego - 8,U.S. House,23,Blanks,,15,NA
Tioga,Owego - 10,U.S. House,23,Tracy Mitrano,DEM,219,NA
Tioga,Owego - 10,U.S. House,23,Tom Reed,REP,376,NA
Tioga,Owego - 10,U.S. House,23,Tom Reed,CON,28,NA
Tioga,Owego - 10,U.S. House,23,Tracy Mitrano,WOR,20,NA
Tioga,Owego - 10,U.S. House,23,Andrew M. Kolstee,LBT,10,NA
Tioga,Owego - 10,U.S. House,23,Tom Reed,IND,11,NA
Tioga,Owego - 10,U.S. House,23,WriteIn,,0,NA
Tioga,Owego - 10,U.S. House,23,Voids,,0,NA
Tioga,Owego - 10,U.S. House,23,Blanks,,18,NA
Tioga,Owego - 18,U.S. House,23,Tracy Mitrano,DEM,191,NA
Tioga,Owego - 18,U.S. House,23,Tom Reed,REP,200,NA
Tioga,Owego - 18,U.S. House,23,Tom Reed,CON,10,NA
Tioga,Owego - 18,U.S. House,23,Tracy Mitrano,WOR,12,NA
Tioga,Owego - 18,U.S. House,23,Andrew M. Kolstee,LBT,6,NA
Tioga,Owego - 18,U.S. House,23,Tom Reed,IND,9,NA
Tioga,Owego - 18,U.S. House,23,WriteIn,,0,NA
Tioga,Owego - 18,U.S. House,23,Voids,,0,NA
Tioga,Owego - 18,U.S. House,23,Blanks,,16,NA
Tioga,Richford - 1,U.S. House,23,Tracy Mitrano,DEM,167,NA
Tioga,Richford - 1,U.S. House,23,Tom Reed,REP,278,NA
Tioga,Richford - 1,U.S. House,23,Tom Reed,CON,26,NA
Tioga,Richford - 1,U.S. House,23,Tracy Mitrano,WOR,19,NA
Tioga,Richford - 1,U.S. House,23,Andrew M. Kolstee,LBT,9,NA
Tioga,Richford - 1,U.S. House,23,Tom Reed,IND,15,NA
Tioga,Richford - 1,U.S. House,23,WriteIn,,0,NA
Tioga,Richford - 1,U.S. House,23,Voids,,0,NA
Tioga,Richford - 1,U.S. House,23,Blanks,,26,NA
Tioga,Spencer - 1,U.S. House,23,Tracy Mitrano,DEM,304,NA
Tioga,Spencer - 1,U.S. House,23,Tom Reed,REP,441,NA
Tioga,Spencer - 1,U.S. House,23,Tom Reed,CON,26,NA
Tioga,Spencer - 1,U.S. House,23,Tracy Mitrano,WOR,38,NA
Tioga,Spencer - 1,U.S. House,23,Andrew M. Kolstee,LBT,16,NA
Tioga,Spencer - 1,U.S. House,23,Tom Reed,IND,16,NA
Tioga,Spencer - 1,U.S. House,23,WriteIn,,0,NA
Tioga,Spencer - 1,U.S. House,23,Voids,,1,NA
Tioga,Spencer - 1,U.S. House,23,Blanks,,18,NA
Tioga,Spencer - 2,U.S. House,23,Tracy Mitrano,DEM,199,NA
Tioga,Spencer - 2,U.S. House,23,Tom Reed,REP,378,NA
Tioga,Spencer - 2,U.S. House,23,Tom Reed,CON,26,NA
Tioga,Spencer - 2,U.S. House,23,Tracy Mitrano,WOR,21,NA
Tioga,Spencer - 2,U.S. House,23,Andrew M. Kolstee,LBT,7,NA
Tioga,Spencer - 2,U.S. House,23,Tom Reed,IND,11,NA
Tioga,Spencer - 2,U.S. House,23,WriteIn,,0,NA
Tioga,Spencer - 2,U.S. House,23,Voids,,0,NA
Tioga,Spencer - 2,U.S. House,23,Blanks,,24,NA
Tioga,Tioga - 1,U.S. House,23,Tracy Mitrano,DEM,188,NA
Tioga,Tioga - 1,U.S. House,23,Tom Reed,REP,348,NA
Tioga,Tioga - 1,U.S. House,23,Tom Reed,CON,25,NA
Tioga,Tioga - 1,U.S. House,23,Tracy Mitrano,WOR,8,NA
Tioga,Tioga - 1,U.S. House,23,Andrew M. Kolstee,LBT,11,NA
Tioga,Tioga - 1,U.S. House,23,Tom Reed,IND,7,NA
Tioga,Tioga - 1,U.S. House,23,WriteIn,,0,NA
Tioga,Tioga - 1,U.S. House,23,Voids,,1,NA
Tioga,Tioga - 1,U.S. House,23,Blanks,,31,NA
Tioga,Tioga - 2,U.S. House,23,Tracy Mitrano,DEM,227,NA
Tioga,Tioga - 2,U.S. House,23,Tom Reed,REP,581,NA
Tioga,Tioga - 2,U.S. House,23,Tom Reed,CON,33,NA
Tioga,Tioga - 2,U.S. House,23,Tracy Mitrano,WOR,19,NA
Tioga,Tioga - 2,U.S. House,23,Andrew M. Kolstee,LBT,9,NA
Tioga,Tioga - 2,U.S. House,23,Tom Reed,IND,6,NA
Tioga,Tioga - 2,U.S. House,23,WriteIn,,1,NA
Tioga,Tioga - 2,U.S. House,23,Voids,,0,NA
Tioga,Tioga - 2,U.S. House,23,Blanks,,46,NA
Tioga,Tioga - 4,U.S. House,23,Tracy Mitrano,DEM,152,NA
Tioga,Tioga - 4,U.S. House,23,Tom Reed,REP,390,NA
Tioga,Tioga - 4,U.S. House,23,Tom Reed,CON,20,NA
Tioga,Tioga - 4,U.S. House,23,Tracy Mitrano,WOR,13,NA
Tioga,Tioga - 4,U.S. House,23,Andrew M. Kolstee,LBT,8,NA
Tioga,Tioga - 4,U.S. House,23,Tom Reed,IND,13,NA
Tioga,Tioga - 4,U.S. House,23,WriteIn,,0,NA
Tioga,Tioga - 4,U.S. House,23,Voids,,0,NA
Tioga,Tioga - 4,U.S. House,23,Blanks,,20,NA
Tioga,Barton - 1,State Senate,52,Frederick J. Akshar II,REP,370,NA
Tioga,Barton - 1,State Senate,52,Frederick J. Akshar II,CON,31,NA
Tioga,Barton - 1,State Senate,52,Thomas Daniel Quiter,LBT,64,NA
Tioga,Barton - 1,State Senate,52,Frederick J. Akshar II,IND,29,NA
Tioga,Barton - 1,State Senate,52,WriteIn,,2,NA
Tioga,Barton - 1,State Senate,52,Voids,,0,NA
Tioga,Barton - 1,State Senate,52,Blanks,,121,NA
Tioga,Barton - 2,State Senate,52,Frederick J. Akshar II,REP,427,NA
Tioga,Barton - 2,State Senate,52,Frederick J. Akshar II,CON,34,NA
Tioga,Barton - 2,State Senate,52,Thomas Daniel Quiter,LBT,83,NA
Tioga,Barton - 2,State Senate,52,Frederick J. Akshar II,IND,45,NA
Tioga,Barton - 2,State Senate,52,WriteIn,,3,NA
Tioga,Barton - 2,State Senate,52,Voids,,0,NA
Tioga,Barton - 2,State Senate,52,Blanks,,125,NA
Tioga,Barton - 3,State Senate,52,Frederick J. Akshar II,REP,175,NA
Tioga,Barton - 3,State Senate,52,Frederick J. Akshar II,CON,18,NA
Tioga,Barton - 3,State Senate,52,Thomas Daniel Quiter,LBT,28,NA
Tioga,Barton - 3,State Senate,52,Frederick J. Akshar II,IND,18,NA
Tioga,Barton - 3,State Senate,52,WriteIn,,2,NA
Tioga,Barton - 3,State Senate,52,Voids,,0,NA
Tioga,Barton - 3,State Senate,52,Blanks,,63,NA
Tioga,Barton - 4,State Senate,52,Frederick J. Akshar II,REP,494,NA
Tioga,Barton - 4,State Senate,52,Frederick J. Akshar II,CON,37,NA
Tioga,Barton - 4,State Senate,52,Thomas Daniel Quiter,LBT,63,NA
Tioga,Barton - 4,State Senate,52,Frederick J. Akshar II,IND,35,NA
Tioga,Barton - 4,State Senate,52,WriteIn,,1,NA
Tioga,Barton - 4,State Senate,52,Voids,,0,NA
Tioga,Barton - 4,State Senate,52,Blanks,,79,NA
Tioga,Barton - 5,State Senate,52,Frederick J. Akshar II,REP,403,NA
Tioga,Barton - 5,State Senate,52,Frederick J. Akshar II,CON,27,NA
Tioga,Barton - 5,State Senate,52,Thomas Daniel Quiter,LBT,29,NA
Tioga,Barton - 5,State Senate,52,Frederick J. Akshar II,IND,19,NA
Tioga,Barton - 5,State Senate,52,WriteIn,,2,NA
Tioga,Barton - 5,State Senate,52,Voids,,0,NA
Tioga,Barton - 5,State Senate,52,Blanks,,60,NA
Tioga,Barton - 7,State Senate,52,Frederick J. Akshar II,REP,499,NA
Tioga,Barton - 7,State Senate,52,Frederick J. Akshar II,CON,32,NA
Tioga,Barton - 7,State Senate,52,Thomas Daniel Quiter,LBT,43,NA
Tioga,Barton - 7,State Senate,52,Frederick J. Akshar II,IND,22,NA
Tioga,Barton - 7,State Senate,52,WriteIn,,0,NA
Tioga,Barton - 7,State Senate,52,Voids,,0,NA
Tioga,Barton - 7,State Senate,52,Blanks,,102,NA
Tioga,Berkshire - 1,State Senate,52,Frederick J. Akshar II,REP,494,NA
Tioga,Berkshire - 1,State Senate,52,Frederick J. Akshar II,CON,49,NA
Tioga,Berkshire - 1,State Senate,52,Thomas Daniel Quiter,LBT,54,NA
Tioga,Berkshire - 1,State Senate,52,Frederick J. Akshar II,IND,28,NA
Tioga,Berkshire - 1,State Senate,52,WriteIn,,2,NA
Tioga,Berkshire - 1,State Senate,52,Voids,,1,NA
Tioga,Berkshire - 1,State Senate,52,Blanks,,83,NA
Tioga,Candor - 1,State Senate,52,Frederick J. Akshar II,REP,384,NA
Tioga,Candor - 1,State Senate,52,Frederick J. Akshar II,CON,34,NA
Tioga,Candor - 1,State Senate,52,Thomas Daniel Quiter,LBT,72,NA
Tioga,Candor - 1,State Senate,52,Frederick J. Akshar II,IND,29,NA
Tioga,Candor - 1,State Senate,52,WriteIn,,2,NA
Tioga,Candor - 1,State Senate,52,Voids,,0,NA
Tioga,Candor - 1,State Senate,52,Blanks,,144,NA
Tioga,Candor - 2,State Senate,52,Frederick J. Akshar II,REP,305,NA
Tioga,Candor - 2,State Senate,52,Frederick J. Akshar II,CON,38,NA
Tioga,Candor - 2,State Senate,52,Thomas Daniel Quiter,LBT,28,NA
Tioga,Candor - 2,State Senate,52,Frederick J. Akshar II,IND,18,NA
Tioga,Candor - 2,State Senate,52,WriteIn,,0,NA
Tioga,Candor - 2,State Senate,52,Voids,,0,NA
Tioga,Candor - 2,State Senate,52,Blanks,,38,NA
Tioga,Candor - 3,State Senate,52,Frederick J. Akshar II,REP,441,NA
Tioga,Candor - 3,State Senate,52,Frederick J. Akshar II,CON,26,NA
Tioga,Candor - 3,State Senate,52,Thomas Daniel Quiter,LBT,65,NA
Tioga,Candor - 3,State Senate,52,Frederick J. Akshar II,IND,26,NA
Tioga,Candor - 3,State Senate,52,WriteIn,,3,NA
Tioga,Candor - 3,State Senate,52,Voids,,0,NA
Tioga,Candor - 3,State Senate,52,Blanks,,98,NA
Tioga,Candor - 4,State Senate,52,Frederick J. Akshar II,REP,522,NA
Tioga,Candor - 4,State Senate,52,Frederick J. Akshar II,CON,44,NA
Tioga,Candor - 4,State Senate,52,Thomas Daniel Quiter,LBT,91,NA
Tioga,Candor - 4,State Senate,52,Frederick J. Akshar II,IND,49,NA
Tioga,Candor - 4,State Senate,52,WriteIn,,7,NA
Tioga,Candor - 4,State Senate,52,Voids,,1,NA
Tioga,Candor - 4,State Senate,52,Blanks,,135,NA
Tioga,Newark Valley - 1,State Senate,52,Frederick J. Akshar II,REP,511,NA
Tioga,Newark Valley - 1,State Senate,52,Frederick J. Akshar II,CON,40,NA
Tioga,Newark Valley - 1,State Senate,52,Thomas Daniel Quiter,LBT,63,NA
Tioga,Newark Valley - 1,State Senate,52,Frederick J. Akshar II,IND,38,NA
Tioga,Newark Valley - 1,State Senate,52,WriteIn,,9,NA
Tioga,Newark Valley - 1,State Senate,52,Voids,,0,NA
Tioga,Newark Valley - 1,State Senate,52,Blanks,,78,NA
Tioga,Newark Valley - 2,State Senate,52,Frederick J. Akshar II,REP,357,NA
Tioga,Newark Valley - 2,State Senate,52,Frederick J. Akshar II,CON,23,NA
Tioga,Newark Valley - 2,State Senate,52,Thomas Daniel Quiter,LBT,49,NA
Tioga,Newark Valley - 2,State Senate,52,Frederick J. Akshar II,IND,31,NA
Tioga,Newark Valley - 2,State Senate,52,WriteIn,,3,NA
Tioga,Newark Valley - 2,State Senate,52,Voids,,0,NA
Tioga,Newark Valley - 2,State Senate,52,Blanks,,82,NA
Tioga,Newark Valley - 3,State Senate,52,Frederick J. Akshar II,REP,441,NA
Tioga,Newark Valley - 3,State Senate,52,Frederick J. Akshar II,CON,36,NA
Tioga,Newark Valley - 3,State Senate,52,Thomas Daniel Quiter,LBT,69,NA
Tioga,Newark Valley - 3,State Senate,52,Frederick J. Akshar II,IND,30,NA
Tioga,Newark Valley - 3,State Senate,52,WriteIn,,4,NA
Tioga,Newark Valley - 3,State Senate,52,Voids,,0,NA
Tioga,Newark Valley - 3,State Senate,52,Blanks,,69,NA
Tioga,Nichols - 1,State Senate,52,Frederick J. Akshar II,REP,392,NA
Tioga,Nichols - 1,State Senate,52,Frederick J. Akshar II,CON,21,NA
Tioga,Nichols - 1,State Senate,52,Thomas Daniel Quiter,LBT,59,NA
Tioga,Nichols - 1,State Senate,52,Frederick J. Akshar II,IND,33,NA
Tioga,Nichols - 1,State Senate,52,WriteIn,,3,NA
Tioga,Nichols - 1,State Senate,52,Voids,,0,NA
Tioga,Nichols - 1,State Senate,52,Blanks,,74,NA
Tioga,Nichols - 2,State Senate,52,Frederick J. Akshar II,REP,318,NA
Tioga,Nichols - 2,State Senate,52,Frederick J. Akshar II,CON,20,NA
Tioga,Nichols - 2,State Senate,52,Thomas Daniel Quiter,LBT,33,NA
Tioga,Nichols - 2,State Senate,52,Frederick J. Akshar II,IND,22,NA
Tioga,Nichols - 2,State Senate,52,WriteIn,,2,NA
Tioga,Nichols - 2,State Senate,52,Voids,,0,NA
Tioga,Nichols - 2,State Senate,52,Blanks,,48,NA
Tioga,Nichols - 3,State Senate,52,Frederick J. Akshar II,REP,127,NA
Tioga,Nichols - 3,State Senate,52,Frederick J. Akshar II,CON,9,NA
Tioga,Nichols - 3,State Senate,52,Thomas Daniel Quiter,LBT,14,NA
Tioga,Nichols - 3,State Senate,52,Frederick J. Akshar II,IND,4,NA
Tioga,Nichols - 3,State Senate,52,WriteIn,,1,NA
Tioga,Nichols - 3,State Senate,52,Voids,,0,NA
Tioga,Nichols - 3,State Senate,52,Blanks,,18,NA
Tioga,Owego - 1,State Senate,52,Frederick J. Akshar II,REP,474,NA
Tioga,Owego - 1,State Senate,52,Frederick J. Akshar II,CON,38,NA
Tioga,Owego - 1,State Senate,52,Thomas Daniel Quiter,LBT,110,NA
Tioga,Owego - 1,State Senate,52,Frederick J. Akshar II,IND,48,NA
Tioga,Owego - 1,State Senate,52,WriteIn,,4,NA
Tioga,Owego - 1,State Senate,52,Voids,,0,NA
Tioga,Owego - 1,State Senate,52,Blanks,,131,NA
Tioga,Owego - 2,State Senate,52,Frederick J. Akshar II,REP,455,NA
Tioga,Owego - 2,State Senate,52,Frederick J. Akshar II,CON,33,NA
Tioga,Owego - 2,State Senate,52,Thomas Daniel Quiter,LBT,60,NA
Tioga,Owego - 2,State Senate,52,Frederick J. Akshar II,IND,40,NA
Tioga,Owego - 2,State Senate,52,WriteIn,,5,NA
Tioga,Owego - 2,State Senate,52,Voids,,1,NA
Tioga,Owego - 2,State Senate,52,Blanks,,96,NA
Tioga,Owego - 3,State Senate,52,Frederick J. Akshar II,REP,339,NA
Tioga,Owego - 3,State Senate,52,Frederick J. Akshar II,CON,28,NA
Tioga,Owego - 3,State Senate,52,Thomas Daniel Quiter,LBT,34,NA
Tioga,Owego - 3,State Senate,52,Frederick J. Akshar II,IND,23,NA
Tioga,Owego - 3,State Senate,52,WriteIn,,2,NA
Tioga,Owego - 3,State Senate,52,Voids,,1,NA
Tioga,Owego - 3,State Senate,52,Blanks,,53,NA
Tioga,Owego - 4,State Senate,52,Frederick J. Akshar II,REP,478,NA
Tioga,Owego - 4,State Senate,52,Frederick J. Akshar II,CON,54,NA
Tioga,Owego - 4,State Senate,52,Thomas Daniel Quiter,LBT,88,NA
Tioga,Owego - 4,State Senate,52,Frederick J. Akshar II,IND,47,NA
Tioga,Owego - 4,State Senate,52,WriteIn,,3,NA
Tioga,Owego - 4,State Senate,52,Voids,,1,NA
Tioga,Owego - 4,State Senate,52,Blanks,,115,NA
Tioga,Owego - 5,State Senate,52,Frederick J. Akshar II,REP,143,NA
Tioga,Owego - 5,State Senate,52,Frederick J. Akshar II,CON,7,NA
Tioga,Owego - 5,State Senate,52,Thomas Daniel Quiter,LBT,19,NA
Tioga,Owego - 5,State Senate,52,Frederick J. Akshar II,IND,12,NA
Tioga,Owego - 5,State Senate,52,WriteIn,,3,NA
Tioga,Owego - 5,State Senate,52,Voids,,0,NA
Tioga,Owego - 5,State Senate,52,Blanks,,53,NA
Tioga,Owego - 6,State Senate,52,Frederick J. Akshar II,REP,437,NA
Tioga,Owego - 6,State Senate,52,Frederick J. Akshar II,CON,23,NA
Tioga,Owego - 6,State Senate,52,Thomas Daniel Quiter,LBT,115,NA
Tioga,Owego - 6,State Senate,52,Frederick J. Akshar II,IND,35,NA
Tioga,Owego - 6,State Senate,52,WriteIn,,7,NA
Tioga,Owego - 6,State Senate,52,Voids,,0,NA
Tioga,Owego - 6,State Senate,52,Blanks,,115,NA
Tioga,Owego - 7,State Senate,52,Frederick J. Akshar II,REP,362,NA
Tioga,Owego - 7,State Senate,52,Frederick J. Akshar II,CON,31,NA
Tioga,Owego - 7,State Senate,52,Thomas Daniel Quiter,LBT,95,NA
Tioga,Owego - 7,State Senate,52,Frederick J. Akshar II,IND,40,NA
Tioga,Owego - 7,State Senate,52,WriteIn,,11,NA
Tioga,Owego - 7,State Senate,52,Voids,,0,NA
Tioga,Owego - 7,State Senate,52,Blanks,,153,NA
Tioga,Owego - 8,State Senate,52,Frederick J. Akshar II,REP,179,NA
Tioga,Owego - 8,State Senate,52,Frederick J. Akshar II,CON,15,NA
Tioga,Owego - 8,State Senate,52,Thomas Daniel Quiter,LBT,35,NA
Tioga,Owego - 8,State Senate,52,Frederick J. Akshar II,IND,13,NA
Tioga,Owego - 8,State Senate,52,WriteIn,,6,NA
Tioga,Owego - 8,State Senate,52,Voids,,0,NA
Tioga,Owego - 8,State Senate,52,Blanks,,58,NA
Tioga,Owego - 10,State Senate,52,Frederick J. Akshar II,REP,449,NA
Tioga,Owego - 10,State Senate,52,Frederick J. Akshar II,CON,40,NA
Tioga,Owego - 10,State Senate,52,Thomas Daniel Quiter,LBT,78,NA
Tioga,Owego - 10,State Senate,52,Frederick J. Akshar II,IND,28,NA
Tioga,Owego - 10,State Senate,52,WriteIn,,6,NA
Tioga,Owego - 10,State Senate,52,Voids,,0,NA
Tioga,Owego - 10,State Senate,52,Blanks,,80,NA
Tioga,Owego - 11,State Senate,52,Frederick J. Akshar II,REP,361,NA
Tioga,Owego - 11,State Senate,52,Frederick J. Akshar II,CON,30,NA
Tioga,Owego - 11,State Senate,52,Thomas Daniel Quiter,LBT,30,NA
Tioga,Owego - 11,State Senate,52,Frederick J. Akshar II,IND,29,NA
Tioga,Owego - 11,State Senate,52,WriteIn,,1,NA
Tioga,Owego - 11,State Senate,52,Voids,,0,NA
Tioga,Owego - 11,State Senate,52,Blanks,,43,NA
Tioga,Owego - 12,State Senate,52,Frederick J. Akshar II,REP,243,NA
Tioga,Owego - 12,State Senate,52,Frederick J. Akshar II,CON,24,NA
Tioga,Owego - 12,State Senate,52,Thomas Daniel Quiter,LBT,50,NA
Tioga,Owego - 12,State Senate,52,Frederick J. Akshar II,IND,24,NA
Tioga,Owego - 12,State Senate,52,WriteIn,,3,NA
Tioga,Owego - 12,State Senate,52,Voids,,0,NA
Tioga,Owego - 12,State Senate,52,Blanks,,49,NA
Tioga,Owego - 13,State Senate,52,Frederick J. Akshar II,REP,365,NA
Tioga,Owego - 13,State Senate,52,Frederick J. Akshar II,CON,27,NA
Tioga,Owego - 13,State Senate,52,Thomas Daniel Quiter,LBT,47,NA
Tioga,Owego - 13,State Senate,52,Frederick J. Akshar II,IND,27,NA
Tioga,Owego - 13,State Senate,52,WriteIn,,3,NA
Tioga,Owego - 13,State Senate,52,Voids,,0,NA
Tioga,Owego - 13,State Senate,52,Blanks,,49,NA
Tioga,Owego - 14,State Senate,52,Frederick J. Akshar II,REP,384,NA
Tioga,Owego - 14,State Senate,52,Frederick J. Akshar II,CON,32,NA
Tioga,Owego - 14,State Senate,52,Thomas Daniel Quiter,LBT,65,NA
Tioga,Owego - 14,State Senate,52,Frederick J. Akshar II,IND,28,NA
Tioga,Owego - 14,State Senate,52,WriteIn,,6,NA
Tioga,Owego - 14,State Senate,52,Voids,,0,NA
Tioga,Owego - 14,State Senate,52,Blanks,,70,NA
Tioga,Owego - 15,State Senate,52,Frederick J. Akshar II,REP,574,NA
Tioga,Owego - 15,State Senate,52,Frederick J. Akshar II,CON,34,NA
Tioga,Owego - 15,State Senate,52,Thomas Daniel Quiter,LBT,102,NA
Tioga,Owego - 15,State Senate,52,Frederick J. Akshar II,IND,52,NA
Tioga,Owego - 15,State Senate,52,WriteIn,,7,NA
Tioga,Owego - 15,State Senate,52,Voids,,0,NA
Tioga,Owego - 15,State Senate,52,Blanks,,146,NA
Tioga,Owego - 16,State Senate,52,Frederick J. Akshar II,REP,366,NA
Tioga,Owego - 16,State Senate,52,Frederick J. Akshar II,CON,39,NA
Tioga,Owego - 16,State Senate,52,Thomas Daniel Quiter,LBT,57,NA
Tioga,Owego - 16,State Senate,52,Frederick J. Akshar II,IND,28,NA
Tioga,Owego - 16,State Senate,52,WriteIn,,2,NA
Tioga,Owego - 16,State Senate,52,Voids,,1,NA
Tioga,Owego - 16,State Senate,52,Blanks,,44,NA
Tioga,Owego - 17,State Senate,52,Frederick J. Akshar II,REP,548,NA
Tioga,Owego - 17,State Senate,52,Frederick J. Akshar II,CON,49,NA
Tioga,Owego - 17,State Senate,52,Thomas Daniel Quiter,LBT,108,NA
Tioga,Owego - 17,State Senate,52,Frederick J. Akshar II,IND,64,NA
Tioga,Owego - 17,State Senate,52,WriteIn,,16,NA
Tioga,Owego - 17,State Senate,52,Voids,,0,NA
Tioga,Owego - 17,State Senate,52,Blanks,,162,NA
Tioga,Owego - 18,State Senate,52,Frederick J. Akshar II,REP,276,NA
Tioga,Owego - 18,State Senate,52,Frederick J. Akshar II,CON,17,NA
Tioga,Owego - 18,State Senate,52,Thomas Daniel Quiter,LBT,42,NA
Tioga,Owego - 18,State Senate,52,Frederick J. Akshar II,IND,32,NA
Tioga,Owego - 18,State Senate,52,WriteIn,,4,NA
Tioga,Owego - 18,State Senate,52,Voids,,0,NA
Tioga,Owego - 18,State Senate,52,Blanks,,70,NA
Tioga,Owego - 19,State Senate,52,Frederick J. Akshar II,REP,419,NA
Tioga,Owego - 19,State Senate,52,Frederick J. Akshar II,CON,32,NA
Tioga,Owego - 19,State Senate,52,Thomas Daniel Quiter,LBT,63,NA
Tioga,Owego - 19,State Senate,52,Frederick J. Akshar II,IND,41,NA
Tioga,Owego - 19,State Senate,52,WriteIn,,4,NA
Tioga,Owego - 19,State Senate,52,Voids,,1,NA
Tioga,Owego - 19,State Senate,52,Blanks,,86,NA
Tioga,Richford - 1,State Senate,52,Frederick J. Akshar II,REP,335,NA
Tioga,Richford - 1,State Senate,52,Frederick J. Akshar II,CON,29,NA
Tioga,Richford - 1,State Senate,52,Thomas Daniel Quiter,LBT,63,NA
Tioga,Richford - 1,State Senate,52,Frederick J. Akshar II,IND,35,NA
Tioga,Richford - 1,State Senate,52,WriteIn,,6,NA
Tioga,Richford - 1,State Senate,52,Voids,,0,NA
Tioga,Richford - 1,State Senate,52,Blanks,,71,NA
Tioga,Spencer - 1,State Senate,52,Frederick J. Akshar II,REP,487,NA
Tioga,Spencer - 1,State Senate,52,Frederick J. Akshar II,CON,46,NA
Tioga,Spencer - 1,State Senate,52,Thomas Daniel Quiter,LBT,112,NA
Tioga,Spencer - 1,State Senate,52,Frederick J. Akshar II,IND,41,NA
Tioga,Spencer - 1,State Senate,52,WriteIn,,4,NA
Tioga,Spencer - 1,State Senate,52,Voids,,0,NA
Tioga,Spencer - 1,State Senate,52,Blanks,,170,NA
Tioga,Spencer - 2,State Senate,52,Frederick J. Akshar II,REP,400,NA
Tioga,Spencer - 2,State Senate,52,Frederick J. Akshar II,CON,35,NA
Tioga,Spencer - 2,State Senate,52,Thomas Daniel Quiter,LBT,65,NA
Tioga,Spencer - 2,State Senate,52,Frederick J. Akshar II,IND,29,NA
Tioga,Spencer - 2,State Senate,52,WriteIn,,0,NA
Tioga,Spencer - 2,State Senate,52,Voids,,0,NA
Tioga,Spencer - 2,State Senate,52,Blanks,,137,NA
Tioga,Tioga - 1,State Senate,52,Frederick J. Akshar II,REP,409,NA
Tioga,Tioga - 1,State Senate,52,Frederick J. Akshar II,CON,35,NA
Tioga,Tioga - 1,State Senate,52,Thomas Daniel Quiter,LBT,51,NA
Tioga,Tioga - 1,State Senate,52,Frederick J. Akshar II,IND,27,NA
Tioga,Tioga - 1,State Senate,52,WriteIn,,5,NA
Tioga,Tioga - 1,State Senate,52,Voids,,1,NA
Tioga,Tioga - 1,State Senate,52,Blanks,,91,NA
Tioga,Tioga - 2,State Senate,52,Frederick J. Akshar II,REP,648,NA
Tioga,Tioga - 2,State Senate,52,Frederick J. Akshar II,CON,47,NA
Tioga,Tioga - 2,State Senate,52,Thomas Daniel Quiter,LBT,72,NA
Tioga,Tioga - 2,State Senate,52,Frederick J. Akshar II,IND,28,NA
Tioga,Tioga - 2,State Senate,52,WriteIn,,7,NA
Tioga,Tioga - 2,State Senate,52,Voids,,0,NA
Tioga,Tioga - 2,State Senate,52,Blanks,,119,NA
Tioga,Tioga - 4,State Senate,52,Frederick J. Akshar II,REP,433,NA
Tioga,Tioga - 4,State Senate,52,Frederick J. Akshar II,CON,24,NA
Tioga,Tioga - 4,State Senate,52,Thomas Daniel Quiter,LBT,56,NA
Tioga,Tioga - 4,State Senate,52,Frederick J. Akshar II,IND,31,NA
Tioga,Tioga - 4,State Senate,52,WriteIn,,3,NA
Tioga,Tioga - 4,State Senate,52,Voids,,1,NA
Tioga,Tioga - 4,State Senate,52,Blanks,,68,NA
Tioga,Barton - 1,State Assembly,124,Randy Reid,DEM,204,NA
Tioga,Barton - 1,State Assembly,124,Christopher S. Friend,REP,341,NA
Tioga,Barton - 1,State Assembly,124,Christopher S. Friend,CON,21,NA
Tioga,Barton - 1,State Assembly,124,Christopher S. Friend,IND,14,NA
Tioga,Barton - 1,State Assembly,124,WriteIn,,0,NA
Tioga,Barton - 1,State Assembly,124,Voids,,0,NA
Tioga,Barton - 1,State Assembly,124,Blanks,,37,NA
Tioga,Barton - 2,State Assembly,124,Randy Reid,DEM,242,NA
Tioga,Barton - 2,State Assembly,124,Christopher S. Friend,REP,385,NA
Tioga,Barton - 2,State Assembly,124,Christopher S. Friend,CON,31,NA
Tioga,Barton - 2,State Assembly,124,Christopher S. Friend,IND,21,NA
Tioga,Barton - 2,State Assembly,124,WriteIn,,0,NA
Tioga,Barton - 2,State Assembly,124,Voids,,0,NA
Tioga,Barton - 2,State Assembly,124,Blanks,,38,NA
Tioga,Barton - 3,State Assembly,124,Randy Reid,DEM,95,NA
Tioga,Barton - 3,State Assembly,124,Christopher S. Friend,REP,169,NA
Tioga,Barton - 3,State Assembly,124,Christopher S. Friend,CON,8,NA
Tioga,Barton - 3,State Assembly,124,Christopher S. Friend,IND,11,NA
Tioga,Barton - 3,State Assembly,124,WriteIn,,0,NA
Tioga,Barton - 3,State Assembly,124,Voids,,0,NA
Tioga,Barton - 3,State Assembly,124,Blanks,,21,NA
Tioga,Barton - 4,State Assembly,124,Randy Reid,DEM,162,NA
Tioga,Barton - 4,State Assembly,124,Christopher S. Friend,REP,449,NA
Tioga,Barton - 4,State Assembly,124,Christopher S. Friend,CON,34,NA
Tioga,Barton - 4,State Assembly,124,Christopher S. Friend,IND,22,NA
Tioga,Barton - 4,State Assembly,124,WriteIn,,0,NA
Tioga,Barton - 4,State Assembly,124,Voids,,0,NA
Tioga,Barton - 4,State Assembly,124,Blanks,,42,NA
Tioga,Barton - 5,State Assembly,124,Randy Reid,DEM,93,NA
Tioga,Barton - 5,State Assembly,124,Christopher S. Friend,REP,385,NA
Tioga,Barton - 5,State Assembly,124,Christopher S. Friend,CON,21,NA
Tioga,Barton - 5,State Assembly,124,Christopher S. Friend,IND,18,NA
Tioga,Barton - 5,State Assembly,124,WriteIn,,1,NA
Tioga,Barton - 5,State Assembly,124,Voids,,0,NA
Tioga,Barton - 5,State Assembly,124,Blanks,,22,NA
Tioga,Barton - 7,State Assembly,124,Randy Reid,DEM,158,NA
Tioga,Barton - 7,State Assembly,124,Christopher S. Friend,REP,461,NA
Tioga,Barton - 7,State Assembly,124,Christopher S. Friend,CON,25,NA
Tioga,Barton - 7,State Assembly,124,Christopher S. Friend,IND,11,NA
Tioga,Barton - 7,State Assembly,124,WriteIn,,0,NA
Tioga,Barton - 7,State Assembly,124,Voids,,0,NA
Tioga,Barton - 7,State Assembly,124,Blanks,,43,NA
Tioga,Berkshire - 1,State Assembly,124,Randy Reid,DEM,146,NA
Tioga,Berkshire - 1,State Assembly,124,Christopher S. Friend,REP,450,NA
Tioga,Berkshire - 1,State Assembly,124,Christopher S. Friend,CON,43,NA
Tioga,Berkshire - 1,State Assembly,124,Christopher S. Friend,IND,22,NA
Tioga,Berkshire - 1,State Assembly,124,WriteIn,,0,NA
Tioga,Berkshire - 1,State Assembly,124,Voids,,1,NA
Tioga,Berkshire - 1,State Assembly,124,Blanks,,49,NA
Tioga,Candor - 1,State Assembly,124,Randy Reid,DEM,227,NA
Tioga,Candor - 1,State Assembly,124,Christopher S. Friend,REP,346,NA
Tioga,Candor - 1,State Assembly,124,Christopher S. Friend,CON,27,NA
Tioga,Candor - 1,State Assembly,124,Christopher S. Friend,IND,16,NA
Tioga,Candor - 1,State Assembly,124,WriteIn,,0,NA
Tioga,Candor - 1,State Assembly,124,Voids,,0,NA
Tioga,Candor - 1,State Assembly,124,Blanks,,49,NA
Tioga,Candor - 2,State Assembly,124,Randy Reid,DEM,81,NA
Tioga,Candor - 2,State Assembly,124,Christopher S. Friend,REP,286,NA
Tioga,Candor - 2,State Assembly,124,Christopher S. Friend,CON,27,NA
Tioga,Candor - 2,State Assembly,124,Christopher S. Friend,IND,9,NA
Tioga,Candor - 2,State Assembly,124,WriteIn,,0,NA
Tioga,Candor - 2,State Assembly,124,Voids,,0,NA
Tioga,Candor - 2,State Assembly,124,Blanks,,24,NA
Tioga,Candor - 3,State Assembly,124,Randy Reid,DEM,175,NA
Tioga,Candor - 3,State Assembly,124,Christopher S. Friend,REP,403,NA
Tioga,Candor - 3,State Assembly,124,Christopher S. Friend,CON,26,NA
Tioga,Candor - 3,State Assembly,124,Christopher S. Friend,IND,8,NA
Tioga,Candor - 3,State Assembly,124,WriteIn,,0,NA
Tioga,Candor - 3,State Assembly,124,Voids,,0,NA
Tioga,Candor - 3,State Assembly,124,Blanks,,47,NA
Tioga,Candor - 4,State Assembly,124,Randy Reid,DEM,274,NA
Tioga,Candor - 4,State Assembly,124,Christopher S. Friend,REP,455,NA
Tioga,Candor - 4,State Assembly,124,Christopher S. Friend,CON,31,NA
Tioga,Candor - 4,State Assembly,124,Christopher S. Friend,IND,24,NA
Tioga,Candor - 4,State Assembly,124,WriteIn,,0,NA
Tioga,Candor - 4,State Assembly,124,Voids,,1,NA
Tioga,Candor - 4,State Assembly,124,Blanks,,64,NA
Tioga,Newark Valley - 1,State Assembly,124,Randy Reid,DEM,180,NA
Tioga,Newark Valley - 1,State Assembly,124,Christopher S. Friend,REP,459,NA
Tioga,Newark Valley - 1,State Assembly,124,Christopher S. Friend,CON,31,NA
Tioga,Newark Valley - 1,State Assembly,124,Christopher S. Friend,IND,30,NA
Tioga,Newark Valley - 1,State Assembly,124,WriteIn,,0,NA
Tioga,Newark Valley - 1,State Assembly,124,Voids,,0,NA
Tioga,Newark Valley - 1,State Assembly,124,Blanks,,39,NA
Tioga,Newark Valley - 2,State Assembly,124,Randy Reid,DEM,164,NA
Tioga,Newark Valley - 2,State Assembly,124,Christopher S. Friend,REP,316,NA
Tioga,Newark Valley - 2,State Assembly,124,Christopher S. Friend,CON,17,NA
Tioga,Newark Valley - 2,State Assembly,124,Christopher S. Friend,IND,16,NA
Tioga,Newark Valley - 2,State Assembly,124,WriteIn,,2,NA
Tioga,Newark Valley - 2,State Assembly,124,Voids,,1,NA
Tioga,Newark Valley - 2,State Assembly,124,Blanks,,29,NA
Tioga,Newark Valley - 3,State Assembly,124,Randy Reid,DEM,170,NA
Tioga,Newark Valley - 3,State Assembly,124,Christopher S. Friend,REP,388,NA
Tioga,Newark Valley - 3,State Assembly,124,Christopher S. Friend,CON,35,NA
Tioga,Newark Valley - 3,State Assembly,124,Christopher S. Friend,IND,22,NA
Tioga,Newark Valley - 3,State Assembly,124,WriteIn,,0,NA
Tioga,Newark Valley - 3,State Assembly,124,Voids,,0,NA
Tioga,Newark Valley - 3,State Assembly,124,Blanks,,34,NA
Tioga,Nichols - 1,State Assembly,124,Randy Reid,DEM,180,NA
Tioga,Nichols - 1,State Assembly,124,Christopher S. Friend,REP,343,NA
Tioga,Nichols - 1,State Assembly,124,Christopher S. Friend,CON,13,NA
Tioga,Nichols - 1,State Assembly,124,Christopher S. Friend,IND,16,NA
Tioga,Nichols - 1,State Assembly,124,WriteIn,,0,NA
Tioga,Nichols - 1,State Assembly,124,Voids,,0,NA
Tioga,Nichols - 1,State Assembly,124,Blanks,,30,NA
Tioga,Nichols - 2,State Assembly,124,Randy Reid,DEM,90,NA
Tioga,Nichols - 2,State Assembly,124,Christopher S. Friend,REP,295,NA
Tioga,Nichols - 2,State Assembly,124,Christopher S. Friend,CON,17,NA
Tioga,Nichols - 2,State Assembly,124,Christopher S. Friend,IND,12,NA
Tioga,Nichols - 2,State Assembly,124,WriteIn,,0,NA
Tioga,Nichols - 2,State Assembly,124,Voids,,0,NA
Tioga,Nichols - 2,State Assembly,124,Blanks,,29,NA
Tioga,Nichols - 3,State Assembly,124,Randy Reid,DEM,33,NA
Tioga,Nichols - 3,State Assembly,124,Christopher S. Friend,REP,120,NA
Tioga,Nichols - 3,State Assembly,124,Christopher S. Friend,CON,9,NA
Tioga,Nichols - 3,State Assembly,124,Christopher S. Friend,IND,4,NA
Tioga,Nichols - 3,State Assembly,124,WriteIn,,0,NA
Tioga,Nichols - 3,State Assembly,124,Voids,,0,NA
Tioga,Nichols - 3,State Assembly,124,Blanks,,7,NA
Tioga,Owego - 1,State Assembly,124,Randy Reid,DEM,344,NA
Tioga,Owego - 1,State Assembly,124,Christopher S. Friend,REP,374,NA
Tioga,Owego - 1,State Assembly,124,Christopher S. Friend,CON,25,NA
Tioga,Owego - 1,State Assembly,124,Christopher S. Friend,IND,17,NA
Tioga,Owego - 1,State Assembly,124,WriteIn,,1,NA
Tioga,Owego - 1,State Assembly,124,Voids,,0,NA
Tioga,Owego - 1,State Assembly,124,Blanks,,44,NA
Tioga,Owego - 2,State Assembly,124,Randy Reid,DEM,225,NA
Tioga,Owego - 2,State Assembly,124,Christopher S. Friend,REP,385,NA
Tioga,Owego - 2,State Assembly,124,Christopher S. Friend,CON,27,NA
Tioga,Owego - 2,State Assembly,124,Christopher S. Friend,IND,20,NA
Tioga,Owego - 2,State Assembly,124,WriteIn,,0,NA
Tioga,Owego - 2,State Assembly,124,Voids,,1,NA
Tioga,Owego - 2,State Assembly,124,Blanks,,32,NA
Tioga,Owego - 3,State Assembly,124,Randy Reid,DEM,139,NA
Tioga,Owego - 3,State Assembly,124,Christopher S. Friend,REP,283,NA
Tioga,Owego - 3,State Assembly,124,Christopher S. Friend,CON,33,NA
Tioga,Owego - 3,State Assembly,124,Christopher S. Friend,IND,8,NA
Tioga,Owego - 3,State Assembly,124,WriteIn,,0,NA
Tioga,Owego - 3,State Assembly,124,Voids,,0,NA
Tioga,Owego - 3,State Assembly,124,Blanks,,17,NA
Tioga,Owego - 4,State Assembly,124,Randy Reid,DEM,282,NA
Tioga,Owego - 4,State Assembly,124,Christopher S. Friend,REP,401,NA
Tioga,Owego - 4,State Assembly,124,Christopher S. Friend,CON,47,NA
Tioga,Owego - 4,State Assembly,124,Christopher S. Friend,IND,24,NA
Tioga,Owego - 4,State Assembly,124,WriteIn,,1,NA
Tioga,Owego - 4,State Assembly,124,Voids,,0,NA
Tioga,Owego - 4,State Assembly,124,Blanks,,31,NA
Tioga,Owego - 5,State Assembly,124,Randy Reid,DEM,100,NA
Tioga,Owego - 5,State Assembly,124,Christopher S. Friend,REP,112,NA
Tioga,Owego - 5,State Assembly,124,Christopher S. Friend,CON,8,NA
Tioga,Owego - 5,State Assembly,124,Christopher S. Friend,IND,5,NA
Tioga,Owego - 5,State Assembly,124,WriteIn,,1,NA
Tioga,Owego - 5,State Assembly,124,Voids,,0,NA
Tioga,Owego - 5,State Assembly,124,Blanks,,11,NA
Tioga,Owego - 6,State Assembly,124,Randy Reid,DEM,294,NA
Tioga,Owego - 6,State Assembly,124,Christopher S. Friend,REP,359,NA
Tioga,Owego - 6,State Assembly,124,Christopher S. Friend,CON,18,NA
Tioga,Owego - 6,State Assembly,124,Christopher S. Friend,IND,22,NA
Tioga,Owego - 6,State Assembly,124,WriteIn,,0,NA
Tioga,Owego - 6,State Assembly,124,Voids,,0,NA
Tioga,Owego - 6,State Assembly,124,Blanks,,39,NA
Tioga,Owego - 7,State Assembly,124,Randy Reid,DEM,325,NA
Tioga,Owego - 7,State Assembly,124,Christopher S. Friend,REP,270,NA
Tioga,Owego - 7,State Assembly,124,Christopher S. Friend,CON,25,NA
Tioga,Owego - 7,State Assembly,124,Christopher S. Friend,IND,24,NA
Tioga,Owego - 7,State Assembly,124,WriteIn,,0,NA
Tioga,Owego - 7,State Assembly,124,Voids,,0,NA
Tioga,Owego - 7,State Assembly,124,Blanks,,48,NA
Tioga,Owego - 8,State Assembly,124,Randy Reid,DEM,130,NA
Tioga,Owego - 8,State Assembly,124,Christopher S. Friend,REP,142,NA
Tioga,Owego - 8,State Assembly,124,Christopher S. Friend,CON,12,NA
Tioga,Owego - 8,State Assembly,124,Christopher S. Friend,IND,6,NA
Tioga,Owego - 8,State Assembly,124,WriteIn,,0,NA
Tioga,Owego - 8,State Assembly,124,Voids,,1,NA
Tioga,Owego - 8,State Assembly,124,Blanks,,15,NA
Tioga,Owego - 10,State Assembly,124,Randy Reid,DEM,203,NA
Tioga,Owego - 10,State Assembly,124,Christopher S. Friend,REP,402,NA
Tioga,Owego - 10,State Assembly,124,Christopher S. Friend,CON,34,NA
Tioga,Owego - 10,State Assembly,124,Christopher S. Friend,IND,20,NA
Tioga,Owego - 10,State Assembly,124,WriteIn,,0,NA
Tioga,Owego - 10,State Assembly,124,Voids,,0,NA
Tioga,Owego - 10,State Assembly,124,Blanks,,22,NA
Tioga,Owego - 11,State Assembly,124,Randy Reid,DEM,115,NA
Tioga,Owego - 11,State Assembly,124,Christopher S. Friend,REP,312,NA
Tioga,Owego - 11,State Assembly,124,Christopher S. Friend,CON,26,NA
Tioga,Owego - 11,State Assembly,124,Christopher S. Friend,IND,14,NA
Tioga,Owego - 11,State Assembly,124,WriteIn,,0,NA
Tioga,Owego - 11,State Assembly,124,Voids,,0,NA
Tioga,Owego - 11,State Assembly,124,Blanks,,27,NA
Tioga,Owego - 12,State Assembly,124,Randy Reid,DEM,128,NA
Tioga,Owego - 12,State Assembly,124,Christopher S. Friend,REP,208,NA
Tioga,Owego - 12,State Assembly,124,Christopher S. Friend,CON,21,NA
Tioga,Owego - 12,State Assembly,124,Christopher S. Friend,IND,11,NA
Tioga,Owego - 12,State Assembly,124,WriteIn,,0,NA
Tioga,Owego - 12,State Assembly,124,Voids,,0,NA
Tioga,Owego - 12,State Assembly,124,Blanks,,25,NA
Tioga,Owego - 13,State Assembly,124,Randy Reid,DEM,141,NA
Tioga,Owego - 13,State Assembly,124,Christopher S. Friend,REP,314,NA
Tioga,Owego - 13,State Assembly,124,Christopher S. Friend,CON,27,NA
Tioga,Owego - 13,State Assembly,124,Christopher S. Friend,IND,19,NA
Tioga,Owego - 13,State Assembly,124,WriteIn,,0,NA
Tioga,Owego - 13,State Assembly,124,Voids,,0,NA
Tioga,Owego - 13,State Assembly,124,Blanks,,17,NA
Tioga,Owego - 14,State Assembly,124,Randy Reid,DEM,193,NA
Tioga,Owego - 14,State Assembly,124,Christopher S. Friend,REP,326,NA
Tioga,Owego - 14,State Assembly,124,Christopher S. Friend,CON,27,NA
Tioga,Owego - 14,State Assembly,124,Christopher S. Friend,IND,12,NA
Tioga,Owego - 14,State Assembly,124,WriteIn,,1,NA
Tioga,Owego - 14,State Assembly,124,Voids,,1,NA
Tioga,Owego - 14,State Assembly,124,Blanks,,25,NA
Tioga,Owego - 15,State Assembly,124,Randy Reid,DEM,345,NA
Tioga,Owego - 15,State Assembly,124,Christopher S. Friend,REP,466,NA
Tioga,Owego - 15,State Assembly,124,Christopher S. Friend,CON,28,NA
Tioga,Owego - 15,State Assembly,124,Christopher S. Friend,IND,23,NA
Tioga,Owego - 15,State Assembly,124,WriteIn,,0,NA
Tioga,Owego - 15,State Assembly,124,Voids,,0,NA
Tioga,Owego - 15,State Assembly,124,Blanks,,53,NA
Tioga,Owego - 16,State Assembly,124,Randy Reid,DEM,133,NA
Tioga,Owego - 16,State Assembly,124,Christopher S. Friend,REP,334,NA
Tioga,Owego - 16,State Assembly,124,Christopher S. Friend,CON,31,NA
Tioga,Owego - 16,State Assembly,124,Christopher S. Friend,IND,17,NA
Tioga,Owego - 16,State Assembly,124,WriteIn,,1,NA
Tioga,Owego - 16,State Assembly,124,Voids,,0,NA
Tioga,Owego - 16,State Assembly,124,Blanks,,21,NA
Tioga,Owego - 17,State Assembly,124,Randy Reid,DEM,398,NA
Tioga,Owego - 17,State Assembly,124,Christopher S. Friend,REP,438,NA
Tioga,Owego - 17,State Assembly,124,Christopher S. Friend,CON,33,NA
Tioga,Owego - 17,State Assembly,124,Christopher S. Friend,IND,27,NA
Tioga,Owego - 17,State Assembly,124,WriteIn,,1,NA
Tioga,Owego - 17,State Assembly,124,Voids,,0,NA
Tioga,Owego - 17,State Assembly,124,Blanks,,50,NA
Tioga,Owego - 18,State Assembly,124,Randy Reid,DEM,187,NA
Tioga,Owego - 18,State Assembly,124,Christopher S. Friend,REP,207,NA
Tioga,Owego - 18,State Assembly,124,Christopher S. Friend,CON,10,NA
Tioga,Owego - 18,State Assembly,124,Christopher S. Friend,IND,12,NA
Tioga,Owego - 18,State Assembly,124,WriteIn,,0,NA
Tioga,Owego - 18,State Assembly,124,Voids,,0,NA
Tioga,Owego - 18,State Assembly,124,Blanks,,25,NA
Tioga,Owego - 19,State Assembly,124,Randy Reid,DEM,200,NA
Tioga,Owego - 19,State Assembly,124,Christopher S. Friend,REP,353,NA
Tioga,Owego - 19,State Assembly,124,Christopher S. Friend,CON,26,NA
Tioga,Owego - 19,State Assembly,124,Christopher S. Friend,IND,27,NA
Tioga,Owego - 19,State Assembly,124,WriteIn,,1,NA
Tioga,Owego - 19,State Assembly,124,Voids,,1,NA
Tioga,Owego - 19,State Assembly,124,Blanks,,38,NA
Tioga,Richford - 1,State Assembly,124,Randy Reid,DEM,168,NA
Tioga,Richford - 1,State Assembly,124,Christopher S. Friend,REP,293,NA
Tioga,Richford - 1,State Assembly,124,Christopher S. Friend,CON,27,NA
Tioga,Richford - 1,State Assembly,124,Christopher S. Friend,IND,22,NA
Tioga,Richford - 1,State Assembly,124,WriteIn,,0,NA
Tioga,Richford - 1,State Assembly,124,Voids,,0,NA
Tioga,Richford - 1,State Assembly,124,Blanks,,29,NA
Tioga,Spencer - 1,State Assembly,124,Randy Reid,DEM,304,NA
Tioga,Spencer - 1,State Assembly,124,Christopher S. Friend,REP,445,NA
Tioga,Spencer - 1,State Assembly,124,Christopher S. Friend,CON,34,NA
Tioga,Spencer - 1,State Assembly,124,Christopher S. Friend,IND,21,NA
Tioga,Spencer - 1,State Assembly,124,WriteIn,,0,NA
Tioga,Spencer - 1,State Assembly,124,Voids,,0,NA
Tioga,Spencer - 1,State Assembly,124,Blanks,,56,NA
Tioga,Spencer - 2,State Assembly,124,Randy Reid,DEM,206,NA
Tioga,Spencer - 2,State Assembly,124,Christopher S. Friend,REP,367,NA
Tioga,Spencer - 2,State Assembly,124,Christopher S. Friend,CON,27,NA
Tioga,Spencer - 2,State Assembly,124,Christopher S. Friend,IND,18,NA
Tioga,Spencer - 2,State Assembly,124,WriteIn,,0,NA
Tioga,Spencer - 2,State Assembly,124,Voids,,0,NA
Tioga,Spencer - 2,State Assembly,124,Blanks,,48,NA
Tioga,Tioga - 1,State Assembly,124,Randy Reid,DEM,178,NA
Tioga,Tioga - 1,State Assembly,124,Christopher S. Friend,REP,349,NA
Tioga,Tioga - 1,State Assembly,124,Christopher S. Friend,CON,24,NA
Tioga,Tioga - 1,State Assembly,124,Christopher S. Friend,IND,21,NA
Tioga,Tioga - 1,State Assembly,124,WriteIn,,0,NA
Tioga,Tioga - 1,State Assembly,124,Voids,,1,NA
Tioga,Tioga - 1,State Assembly,124,Blanks,,46,NA
Tioga,Tioga - 2,State Assembly,124,Randy Reid,DEM,217,NA
Tioga,Tioga - 2,State Assembly,124,Christopher S. Friend,REP,592,NA
Tioga,Tioga - 2,State Assembly,124,Christopher S. Friend,CON,39,NA
Tioga,Tioga - 2,State Assembly,124,Christopher S. Friend,IND,13,NA
Tioga,Tioga - 2,State Assembly,124,WriteIn,,1,NA
Tioga,Tioga - 2,State Assembly,124,Voids,,0,NA
Tioga,Tioga - 2,State Assembly,124,Blanks,,59,NA
Tioga,Tioga - 4,State Assembly,124,Randy Reid,DEM,152,NA
Tioga,Tioga - 4,State Assembly,124,Christopher S. Friend,REP,388,NA
Tioga,Tioga - 4,State Assembly,124,Christopher S. Friend,CON,17,NA
Tioga,Tioga - 4,State Assembly,124,Christopher S. Friend,IND,17,NA
Tioga,Tioga - 4,State Assembly,124,WriteIn,,0,NA
Tioga,Tioga - 4,State Assembly,124,Voids,,1,NA
Tioga,Tioga - 4,State Assembly,124,Blanks,,41,NA
